0.0,1625726835156,0.0
1.0,1625726836171,0.0
2.0,1625726838992,1.0
3.0,1625726842447,2.0
4.0,1625726844557,3.0
5.0,1625726847913,4.0
6.0,1625726851038,5.0
7.0,1625726854244,6.0
8.0,1625726856490,7.0
9.0,1625726859561,8.0
10.0,1625726862058,9.0
11.0,1625726864943,10.0
12.0,1625726868279,11.0
13.0,1625726870743,12.0
14.0,1625726873753,13.0
15.0,1625726874834,13.0
16.0,1625726878106,14.0
17.0,1625726881341,15.0
18.0,1625726885054,16.0
19.0,1625726888440,17.0
20.0,1625726890587,18.0
21.0,1625726891783,18.0
22.0,1625726893035,18.0
23.0,1625726894392,18.0
24.0,1625726895662,18.0
25.0,1625726897906,19.0
26.0,1625726900661,20.0
27.0,1625726905403,22.0
28.0,1625726907826,23.0
29.0,1625726909058,23.0
30.0,1625726914075,25.0
31.0,1625726916986,26.0
32.0,1625726918062,26.0
33.0,1625726921140,27.0
34.0,1625726924510,28.0
35.0,1625726927156,29.0
36.0,1625726929953,30.0
37.0,1625726935153,32.0
38.0,1625726938142,33.0
39.0,1625726941675,34.0
40.0,1625726944097,35.0
41.0,1625726945271,35.0
42.0,1625726947838,36.0
43.0,1625726950065,37.0
44.0,1625726951121,37.0
45.0,1625726952166,37.0
46.0,1625726953244,37.0
47.0,1625726954397,37.0
48.0,1625726956453,38.0
49.0,1625726959773,39.0
50.0,1625726962876,40.0
51.0,1625726964101,40.0
52.0,1625726965167,40.0
53.0,1625726968127,41.0
54.0,1625726971002,42.0
55.0,1625726974136,43.0
56.0,1625726975417,43.0
57.0,1625726977619,44.0
58.0,1625726980566,45.0
59.0,1625726983899,46.0
60.0,1625726987436,47.0
61.0,1625726989725,48.0
62.0,1625726996467,50.0
63.0,1625726999639,51.0
64.0,1625727000802,51.0
65.0,1625727004336,52.0
66.0,1625727006995,53.0
67.0,1625727009625,54.0
68.0,1625727010848,54.0
69.0,1625727014062,55.0
70.0,1625727015676,55.0
71.0,1625727016913,55.0
72.0,1625727020225,56.0
73.0,1625727022427,57.0
74.0,1625727028373,59.0
75.0,1625727031607,60.0
76.0,1625727032750,60.0
77.0,1625727034937,61.0
78.0,1625727037977,62.0
79.0,1625727041206,63.0
80.0,1625727043658,64.0
81.0,1625727044936,64.0
82.0,1625727046005,64.0
83.0,1625727047087,64.0
84.0,1625727048463,64.0
85.0,1625727051239,65.0
86.0,1625727054511,66.0
87.0,1625727057860,67.0
88.0,1625727058892,67.0
89.0,1625727061509,68.0
90.0,1625727064803,69.0
91.0,1625727068028,70.0
92.0,1625727070719,71.0
93.0,1625727072779,72.0
94.0,1625727073936,72.0
95.0,1625727076408,73.0
96.0,1625727079124,74.0
97.0,1625727082384,75.0
98.0,1625727084289,76.0
99.0,1625727086894,77.0
100.0,1625727088018,77.0
101.0,1625727093019,79.0
102.0,1625727095474,80.0
103.0,1625727096673,80.0
104.0,1625727097919,80.0
105.0,1625727099029,80.0
106.0,1625727100485,80.0
107.0,1625727103563,81.0
108.0,1625727108776,83.0
109.0,1625727111789,84.0
110.0,1625727113196,84.0
111.0,1625727115817,85.0
112.0,1625727118729,86.0
113.0,1625727119955,86.0
114.0,1625727121237,86.0
115.0,1625727122287,86.0
116.0,1625727126708,87.0
117.0,1625727129396,88.0
118.0,1625727132520,89.0
119.0,1625727135324,90.0
120.0,1625727138767,91.0
121.0,1625727141679,92.0
122.0,1625727143946,93.0
123.0,1625727146481,94.0
124.0,1625727150312,95.0
125.0,1625727153115,96.0
126.0,1625727155670,97.0
127.0,1625727158383,98.0
128.0,1625727159693,99.0
129.0,1625727162557,100.0
130.0,1625727165801,101.0
131.0,1625727168700,102.0
132.0,1625727169974,102.0
133.0,1625727171098,102.0
134.0,1625727172141,102.0
135.0,1625727173244,102.0
136.0,1625727174473,102.0
137.0,1625727175540,102.0
138.0,1625727179142,103.0
139.0,1625727181601,104.0
140.0,1625727184067,105.0
141.0,1625727187087,106.0
142.0,1625727192738,108.0
143.0,1625727196177,109.0
144.0,1625727199158,110.0
145.0,1625727200358,110.0
146.0,1625727203802,111.0
147.0,1625727206465,112.0
148.0,1625727209253,113.0
149.0,1625727211441,114.0
150.0,1625727214368,115.0
151.0,1625727215600,115.0
152.0,1625727216890,115.0
153.0,1625727217937,115.0
154.0,1625727219150,115.0
155.0,1625727220178,115.0
156.0,1625727221245,115.0
157.0,1625727222306,115.0
158.0,1625727223575,115.0
159.0,1625727224852,115.0
160.0,1625727226134,115.0
161.0,1625727227940,115.0
162.0,1625727229005,115.0
163.0,1625727230065,115.0
164.0,1625727231271,115.0
165.0,1625727232299,115.0
166.0,1625727234669,116.0
167.0,1625727237238,117.0
168.0,1625727239960,118.0
169.0,1625727241016,118.0
170.0,1625727244025,119.0
171.0,1625727246470,120.0
172.0,1625727247690,120.0
173.0,1625727252394,122.0
174.0,1625727255683,123.0
175.0,1625727258304,124.0
176.0,1625727262262,125.0
177.0,1625727265712,126.0
178.0,1625727266923,126.0
179.0,1625727267974,126.0
180.0,1625727269028,126.0
181.0,1625727270304,126.0
182.0,1625727271550,126.0
183.0,1625727272579,126.0
184.0,1625727273823,126.0
185.0,1625727275097,126.0
186.0,1625727276315,126.0
187.0,1625727277373,126.0
188.0,1625727278598,126.0
189.0,1625727281513,127.0
190.0,1625727283599,128.0
191.0,1625727284784,128.0
192.0,1625727285835,128.0
193.0,1625727287053,128.0
194.0,1625727288309,128.0
195.0,1625727290868,129.0
196.0,1625727292690,130.0
197.0,1625727295853,131.0
198.0,1625727299328,132.0
199.0,1625727301638,133.0
200.0,1625727304470,134.0
201.0,1625727307530,135.0
202.0,1625727309872,136.0
203.0,1625727312668,137.0
204.0,1625727313912,137.0
205.0,1625727317080,138.0
206.0,1625727319812,139.0
207.0,1625727320852,139.0
208.0,1625727324484,140.0
209.0,1625727327340,141.0
210.0,1625727328548,141.0
211.0,1625727329631,141.0
212.0,1625727331911,142.0
213.0,1625727333175,142.0
214.0,1625727334338,142.0
215.0,1625727335613,142.0
216.0,1625727336871,142.0
217.0,1625727338073,142.0
218.0,1625727339348,142.0
219.0,1625727340406,142.0
220.0,1625727341647,142.0
221.0,1625727342695,142.0
222.0,1625727343973,142.0
223.0,1625727345216,142.0
224.0,1625727347490,143.0
225.0,1625727350801,144.0
226.0,1625727353309,145.0
227.0,1625727355978,146.0
228.0,1625727359542,147.0
229.0,1625727361417,148.0
230.0,1625727364122,149.0
231.0,1625727365371,149.0
232.0,1625727367812,150.0
233.0,1625727370729,151.0
234.0,1625727372952,152.0
235.0,1625727375838,153.0
236.0,1625727377221,153.0
237.0,1625727378375,153.0
238.0,1625727379624,153.0
239.0,1625727383844,155.0
240.0,1625727385106,155.0
241.0,1625727387159,156.0
242.0,1625727388370,156.0
243.0,1625727391661,157.0
244.0,1625727394028,158.0
245.0,1625727395311,158.0
246.0,1625727398003,159.0
247.0,1625727400049,160.0
248.0,1625727403295,161.0
249.0,1625727404923,161.0
250.0,1625727407052,162.0
251.0,1625727409546,163.0
252.0,1625727410577,163.0
253.0,1625727414097,164.0
254.0,1625727415354,164.0
255.0,1625727419665,166.0
256.0,1625727420955,166.0
257.0,1625727422056,166.0
258.0,1625727423286,166.0
259.0,1625727424551,166.0
260.0,1625727425622,166.0
261.0,1625727426880,166.0
262.0,1625727427924,166.0
263.0,1625727428995,166.0
264.0,1625727430471,166.0
265.0,1625727431734,166.0
266.0,1625727433002,166.0
267.0,1625727434107,166.0
268.0,1625727435166,166.0
269.0,1625727436223,166.0
270.0,1625727437255,166.0
271.0,1625727438348,166.0
272.0,1625727439630,166.0
273.0,1625727440692,166.0
274.0,1625727442191,166.0
275.0,1625727443419,166.0
276.0,1625727444633,166.0
277.0,1625727445691,166.0
278.0,1625727446778,166.0
279.0,1625727447823,166.0
280.0,1625727448880,166.0
281.0,1625727449976,166.0
282.0,1625727451035,166.0
283.0,1625727452097,166.0
284.0,1625727453169,166.0
285.0,1625727454380,166.0
286.0,1625727457461,167.0
287.0,1625727460469,168.0
288.0,1625727463210,169.0
289.0,1625727466608,170.0
290.0,1625727467901,170.0
291.0,1625727471255,171.0
292.0,1625727472460,171.0
293.0,1625727474237,172.0
294.0,1625727477839,173.0
295.0,1625727480666,174.0
296.0,1625727483984,175.0
297.0,1625727485230,175.0
298.0,1625727488341,176.0
299.0,1625727489829,176.0
300.0,1625727492002,177.0
301.0,1625727494529,178.0
302.0,1625727495948,178.0
303.0,1625727497143,178.0
304.0,1625727499410,179.0
305.0,1625727502807,180.0
306.0,1625727505798,181.0
307.0,1625727509030,182.0
308.0,1625727512162,183.0
309.0,1625727513446,183.0
310.0,1625727514501,183.0
311.0,1625727515732,183.0
312.0,1625727517010,183.0
313.0,1625727518080,183.0
314.0,1625727519336,183.0
315.0,1625727520825,183.0
316.0,1625727524261,184.0
317.0,1625727525353,184.0
318.0,1625727526594,184.0
319.0,1625727527682,184.0
320.0,1625727528929,184.0
321.0,1625727530159,184.0
322.0,1625727532008,185.0
323.0,1625727535547,186.0
324.0,1625727538312,187.0
325.0,1625727541291,188.0
326.0,1625727543590,189.0
327.0,1625727547290,190.0
328.0,1625727549914,191.0
329.0,1625727552454,192.0
330.0,1625727553721,192.0
331.0,1625727556462,193.0
332.0,1625727558724,194.0
333.0,1625727563653,195.0
334.0,1625727567812,196.0
335.0,1625727569242,196.0
336.0,1625727573760,198.0
337.0,1625727577101,199.0
338.0,1625727579705,200.0
339.0,1625727580733,200.0
340.0,1625727583103,201.0
341.0,1625727584133,201.0
342.0,1625727585422,201.0
343.0,1625727586669,201.0
344.0,1625727588824,202.0
345.0,1625727592574,203.0
346.0,1625727594762,204.0
347.0,1625727597802,205.0
348.0,1625727598992,205.0
349.0,1625727601376,206.0
350.0,1625727605181,207.0
351.0,1625727609427,208.0
352.0,1625727610524,208.0
353.0,1625727612974,209.0
354.0,1625727616501,210.0
355.0,1625727617909,210.0
356.0,1625727620365,211.0
357.0,1625727621681,211.0
358.0,1625727624302,212.0
359.0,1625727627259,213.0
360.0,1625727631580,214.0
361.0,1625727634679,215.0
362.0,1625727635739,215.0
363.0,1625727636963,215.0
364.0,1625727638178,215.0
365.0,1625727640758,216.0
366.0,1625727641915,216.0
367.0,1625727648032,218.0
368.0,1625727650039,219.0
369.0,1625727653228,220.0
370.0,1625727659989,222.0
371.0,1625727662866,223.0
372.0,1625727666010,224.0
373.0,1625727670883,226.0
374.0,1625727674297,227.0
375.0,1625727675366,227.0
376.0,1625727676427,227.0
377.0,1625727677477,227.0
378.0,1625727678681,227.0
379.0,1625727679933,227.0
380.0,1625727681000,227.0
381.0,1625727682039,227.0
382.0,1625727683557,227.0
383.0,1625727686017,228.0
384.0,1625727688818,229.0
385.0,1625727691805,230.0
386.0,1625727692862,230.0
387.0,1625727694110,230.0
388.0,1625727695153,230.0
389.0,1625727696365,230.0
390.0,1625727698847,231.0
391.0,1625727704050,233.0
392.0,1625727706278,234.0
393.0,1625727711895,236.0
394.0,1625727714359,237.0
395.0,1625727718405,238.0
396.0,1625727720666,239.0
397.0,1625727724111,240.0
398.0,1625727726127,241.0
399.0,1625727728816,242.0
400.0,1625727730043,242.0
401.0,1625727735421,243.0
402.0,1625727737724,244.0
403.0,1625727738937,244.0
404.0,1625727740093,244.0
405.0,1625727742142,245.0
406.0,1625727744946,246.0
407.0,1625727746159,246.0
408.0,1625727747383,246.0
409.0,1625727748428,246.0
410.0,1625727749485,246.0
411.0,1625727761755,247.0
412.0,1625727764764,248.0
413.0,1625727765928,248.0
414.0,1625727768374,249.0
415.0,1625727769594,249.0
416.0,1625727771807,250.0
417.0,1625727772835,250.0
418.0,1625727775590,251.0
419.0,1625727776763,251.0
420.0,1625727778689,252.0
421.0,1625727781372,253.0
422.0,1625727782649,253.0
423.0,1625727786062,254.0
424.0,1625727788825,255.0
425.0,1625727792009,256.0
426.0,1625727793408,256.0
427.0,1625727795633,257.0
428.0,1625727796727,257.0
429.0,1625727797794,257.0
430.0,1625727798835,257.0
431.0,1625727800110,257.0
432.0,1625727801154,257.0
433.0,1625727802403,257.0
434.0,1625727803500,257.0
435.0,1625727804624,257.0
436.0,1625727805826,257.0
437.0,1625727807142,257.0
438.0,1625727811433,258.0
439.0,1625727814224,259.0
440.0,1625727816564,260.0
441.0,1625727819727,261.0
442.0,1625727822404,262.0
443.0,1625727825174,263.0
444.0,1625727828122,264.0
445.0,1625727831299,265.0
446.0,1625727833423,266.0
447.0,1625727834717,266.0
448.0,1625727837315,267.0
449.0,1625727840764,268.0
450.0,1625727843257,269.0
451.0,1625727844548,269.0
452.0,1625727845596,269.0
453.0,1625727846868,269.0
454.0,1625727848078,269.0
455.0,1625727849324,269.0
456.0,1625727851776,270.0
457.0,1625727854288,271.0
458.0,1625727857165,272.0
459.0,1625727860507,273.0
460.0,1625727863283,274.0
461.0,1625727866559,275.0
462.0,1625727868374,276.0
463.0,1625727871567,277.0
464.0,1625727878396,279.0
465.0,1625727881060,280.0
466.0,1625727884316,281.0
467.0,1625727886651,282.0
468.0,1625727887910,282.0
469.0,1625727889109,282.0
470.0,1625727890350,282.0
471.0,1625727891646,282.0
472.0,1625727892923,282.0
473.0,1625727893992,282.0
474.0,1625727896952,283.0
475.0,1625727900080,284.0
476.0,1625727901135,284.0
477.0,1625727902188,284.0
478.0,1625727904837,285.0
479.0,1625727908103,286.0
480.0,1625727910778,287.0
481.0,1625727913150,288.0
482.0,1625727914195,288.0
483.0,1625727915451,288.0
484.0,1625727922630,289.0
485.0,1625727925168,290.0
486.0,1625727928141,291.0
487.0,1625727932181,292.0
488.0,1625727934778,293.0
489.0,1625727936056,293.0
490.0,1625727939401,294.0
491.0,1625727942635,295.0
492.0,1625727945034,296.0
493.0,1625727947469,297.0
494.0,1625727948533,297.0
495.0,1625727951254,298.0
496.0,1625727952340,298.0
497.0,1625727953385,298.0
498.0,1625727954447,298.0
499.0,1625727956057,298.0
500.0,1625727958796,299.0
501.0,1625727961480,300.0
502.0,1625727963633,301.0
503.0,1625727966444,302.0
504.0,1625727967652,302.0
505.0,1625727972158,303.0
506.0,1625727975080,304.0
507.0,1625727976313,304.0
508.0,1625727979362,305.0
509.0,1625727981866,306.0
510.0,1625727984355,307.0
511.0,1625727987707,308.0
512.0,1625727990070,309.0
513.0,1625727991350,309.0
514.0,1625727994392,310.0
515.0,1625727995669,310.0
516.0,1625727998738,311.0
517.0,1625727999774,311.0
518.0,1625728000857,311.0
519.0,1625728001960,311.0
520.0,1625728004865,312.0
521.0,1625728007701,313.0
522.0,1625728010266,314.0
523.0,1625728012725,315.0
524.0,1625728015638,316.0
525.0,1625728017899,317.0
526.0,1625728021147,318.0
527.0,1625728024140,319.0
528.0,1625728027483,320.0
529.0,1625728028528,320.0
530.0,1625728031341,321.0
531.0,1625728032600,321.0
532.0,1625728033654,321.0
533.0,1625728034868,321.0
534.0,1625728036007,321.0
535.0,1625728037246,321.0
536.0,1625728040674,322.0
537.0,1625728043684,323.0
538.0,1625728046033,324.0
539.0,1625728049674,325.0
540.0,1625728052749,326.0
541.0,1625728055413,327.0
542.0,1625728057884,328.0
543.0,1625728060437,329.0
544.0,1625728063808,330.0
545.0,1625728065083,330.0
546.0,1625728068372,331.0
547.0,1625728071444,332.0
548.0,1625728074013,333.0
549.0,1625728076254,334.0
550.0,1625728082064,336.0
551.0,1625728084225,337.0
552.0,1625728087220,338.0
553.0,1625728089864,339.0
554.0,1625728094264,341.0
555.0,1625728097324,342.0
556.0,1625728099698,343.0
557.0,1625728102836,344.0
558.0,1625728103862,344.0
559.0,1625728106768,345.0
560.0,1625728108951,346.0
561.0,1625728110419,346.0
562.0,1625728112730,347.0
563.0,1625728115841,348.0
564.0,1625728120904,350.0
565.0,1625728123810,351.0
566.0,1625728126566,352.0
567.0,1625728128867,353.0
568.0,1625728132062,354.0
569.0,1625728137167,356.0
570.0,1625728139757,357.0
571.0,1625728143136,358.0
572.0,1625728146544,359.0
573.0,1625728149061,360.0
574.0,1625728151940,361.0
575.0,1625728153151,361.0
576.0,1625728155460,362.0
577.0,1625728158756,363.0
578.0,1625728161722,364.0
579.0,1625728164751,365.0
580.0,1625728167290,366.0
581.0,1625728168531,366.0
582.0,1625728170684,367.0
583.0,1625728174065,368.0
584.0,1625728175288,368.0
585.0,1625728177689,369.0
586.0,1625728182706,371.0
587.0,1625728185122,372.0
588.0,1625728188042,373.0
589.0,1625728190361,374.0
590.0,1625728191628,374.0
591.0,1625728194055,375.0
592.0,1625728196725,376.0
593.0,1625728199392,377.0
594.0,1625728201570,378.0
595.0,1625728204158,379.0
596.0,1625728209996,381.0
597.0,1625728213159,382.0
598.0,1625728215862,383.0
599.0,1625728216900,383.0
600.0,1625728219400,384.0
601.0,1625728222294,385.0
602.0,1625728223361,385.0
603.0,1625728226175,386.0
604.0,1625728231623,388.0
605.0,1625728232655,388.0
606.0,1625728233692,388.0
607.0,1625728236546,389.0
608.0,1625728242419,391.0
609.0,1625728247133,393.0
610.0,1625728250185,394.0
611.0,1625728252774,395.0
612.0,1625728254947,396.0
613.0,1625728257656,397.0
614.0,1625728260552,398.0
615.0,1625728262938,399.0
616.0,1625728266411,400.0
617.0,1625728268987,401.0
618.0,1625728271241,402.0
619.0,1625728274152,403.0
620.0,1625728276671,404.0
621.0,1625728279449,405.0
622.0,1625728281687,406.0
623.0,1625728285008,407.0
624.0,1625728288658,408.0
625.0,1625728291127,409.0
626.0,1625728292618,409.0
627.0,1625728293717,409.0
628.0,1625728296594,410.0
629.0,1625728297814,410.0
630.0,1625728300606,411.0
631.0,1625728301660,411.0
632.0,1625728304568,412.0
633.0,1625728307271,413.0
634.0,1625728309642,414.0
635.0,1625728311824,415.0
636.0,1625728314546,416.0
637.0,1625728317134,417.0
638.0,1625728319349,418.0
639.0,1625728322135,419.0
640.0,1625728324466,420.0
641.0,1625728327929,421.0
642.0,1625728330027,422.0
643.0,1625728332876,423.0
644.0,1625728335350,424.0
645.0,1625728338399,425.0
646.0,1625728341343,426.0
647.0,1625728346173,428.0
648.0,1625728348788,429.0
649.0,1625728354452,431.0
650.0,1625728355860,431.0
651.0,1625728358234,432.0
652.0,1625728359279,432.0
653.0,1625728362294,433.0
654.0,1625728367857,435.0
655.0,1625728370684,436.0
656.0,1625728374004,437.0
657.0,1625728376695,438.0
658.0,1625728377927,438.0
659.0,1625728379158,438.0
660.0,1625728381291,439.0
661.0,1625728384005,440.0
662.0,1625728385053,440.0
663.0,1625728386102,440.0
664.0,1625728387802,441.0
665.0,1625728388842,441.0
666.0,1625728391646,442.0
667.0,1625728392704,442.0
668.0,1625728396061,443.0
669.0,1625728398596,444.0
670.0,1625728399763,444.0
671.0,1625728401680,445.0
672.0,1625728404609,446.0
673.0,1625728406845,447.0
674.0,1625728408030,447.0
675.0,1625728410180,448.0
676.0,1625728413135,449.0
677.0,1625728416271,450.0
678.0,1625728417360,450.0
679.0,1625728420487,451.0
680.0,1625728424115,452.0
681.0,1625728426802,453.0
682.0,1625728428911,454.0
683.0,1625728430019,454.0
684.0,1625728431271,454.0
685.0,1625728432519,454.0
686.0,1625728434776,455.0
687.0,1625728436092,455.0
688.0,1625728438190,456.0
689.0,1625728441312,457.0
690.0,1625728442443,457.0
691.0,1625728444883,458.0
692.0,1625728447778,459.0
693.0,1625728449022,459.0
694.0,1625728451434,460.0
695.0,1625728456460,461.0
696.0,1625728459519,462.0
697.0,1625728461938,463.0
698.0,1625728462974,463.0
699.0,1625728465991,464.0
700.0,1625728469247,465.0
701.0,1625728472474,466.0
702.0,1625728475540,467.0
703.0,1625728481032,469.0
704.0,1625728484212,470.0
705.0,1625728486651,471.0
706.0,1625728487691,471.0
707.0,1625728489810,472.0
708.0,1625728493423,473.0
709.0,1625728496527,474.0
710.0,1625728497628,474.0
711.0,1625728499870,475.0
712.0,1625728501025,475.0
713.0,1625728503435,476.0
714.0,1625728506264,477.0
715.0,1625728515684,478.0
716.0,1625728516737,478.0
717.0,1625728517821,478.0
718.0,1625728520647,479.0
719.0,1625728524222,480.0
720.0,1625728526552,481.0
721.0,1625728527766,481.0
722.0,1625728530877,482.0
723.0,1625728533861,483.0
724.0,1625728534914,483.0
725.0,1625728538592,484.0
726.0,1625728540703,485.0
727.0,1625728543161,486.0
728.0,1625728544230,486.0
729.0,1625728546978,487.0
730.0,1625728548015,487.0
731.0,1625728549190,487.0
732.0,1625728552275,488.0
733.0,1625728557153,490.0
734.0,1625728560342,491.0
735.0,1625728561417,491.0
736.0,1625728562463,491.0
737.0,1625728564500,492.0
738.0,1625728567540,493.0
739.0,1625728568574,493.0
740.0,1625728571408,494.0
741.0,1625728572653,494.0
742.0,1625728575069,495.0
743.0,1625728578393,496.0
744.0,1625728582748,497.0
745.0,1625728585325,498.0
746.0,1625728588678,499.0
747.0,1625728592216,500.0
748.0,1625728594932,501.0
749.0,1625728596061,501.0
750.0,1625728598200,502.0
751.0,1625728601250,503.0
752.0,1625728603419,504.0
753.0,1625728606080,505.0
754.0,1625728607300,505.0
755.0,1625728609829,506.0
756.0,1625728612297,507.0
757.0,1625728615768,508.0
758.0,1625728616975,508.0
759.0,1625728618031,508.0
760.0,1625728619238,508.0
761.0,1625728622196,509.0
762.0,1625728625450,510.0
763.0,1625728631591,512.0
764.0,1625728633492,513.0
765.0,1625728634715,513.0
766.0,1625728635956,513.0
767.0,1625728637191,513.0
768.0,1625728638245,513.0
769.0,1625728639301,513.0
770.0,1625728642058,514.0
771.0,1625728645763,515.0
772.0,1625728647983,516.0
773.0,1625728649390,516.0
774.0,1625728652140,517.0
775.0,1625728654214,518.0
776.0,1625728657161,519.0
777.0,1625728659560,520.0
778.0,1625728668128,522.0
779.0,1625728674402,524.0
780.0,1625728675553,524.0
781.0,1625728677482,525.0
782.0,1625728683027,526.0
783.0,1625728684199,526.0
784.0,1625728686797,527.0
785.0,1625728689453,528.0
786.0,1625728690559,528.0
787.0,1625728691842,528.0
788.0,1625728692897,528.0
789.0,1625728694164,528.0
790.0,1625728696962,529.0
791.0,1625728700382,530.0
792.0,1625728703147,531.0
793.0,1625728705648,532.0
794.0,1625728708350,533.0
795.0,1625728710699,534.0
796.0,1625728714599,535.0
797.0,1625728717031,536.0
798.0,1625728719705,537.0
799.0,1625728724745,539.0
800.0,1625728725848,539.0
801.0,1625728763389,540.0
802.0,1625728766924,541.0
803.0,1625728770005,542.0
804.0,1625728772256,543.0
805.0,1625728776991,545.0
806.0,1625728779571,546.0
807.0,1625728780768,546.0
808.0,1625728783104,547.0
809.0,1625728786266,548.0
810.0,1625728788346,549.0
811.0,1625728790921,550.0
812.0,1625728793212,551.0
813.0,1625728795861,552.0
814.0,1625728797768,553.0
815.0,1625728798872,553.0
816.0,1625728801449,554.0
817.0,1625728803979,555.0
818.0,1625728807211,556.0
819.0,1625728809408,557.0
820.0,1625728812221,558.0
821.0,1625728815203,559.0
822.0,1625728817320,560.0
823.0,1625728819762,561.0
824.0,1625728823137,562.0
825.0,1625728828045,564.0
826.0,1625728831521,565.0
827.0,1625728837925,567.0
828.0,1625728839183,567.0
829.0,1625728841634,568.0
830.0,1625728842787,568.0
831.0,1625728844952,569.0
832.0,1625728846001,569.0
833.0,1625728847087,569.0
834.0,1625728848337,569.0
835.0,1625728850611,570.0
836.0,1625728854022,571.0
837.0,1625728857085,572.0
838.0,1625728859541,573.0
839.0,1625728862699,574.0
840.0,1625728865619,575.0
841.0,1625728868009,576.0
842.0,1625728871378,577.0
843.0,1625728873693,578.0
844.0,1625728876699,579.0
845.0,1625728879246,580.0
846.0,1625728880523,580.0
847.0,1625728881770,580.0
848.0,1625728884312,581.0
849.0,1625728889934,583.0
850.0,1625728891048,583.0
851.0,1625728894820,584.0
852.0,1625728897373,585.0
853.0,1625728899811,586.0
854.0,1625728901527,586.0
855.0,1625728904111,587.0
856.0,1625728909851,589.0
857.0,1625728913761,590.0
858.0,1625728916360,591.0
859.0,1625728919966,592.0
860.0,1625728922145,593.0
861.0,1625728924585,594.0
862.0,1625728927376,595.0
863.0,1625728930033,596.0
864.0,1625728933994,597.0
865.0,1625728937110,598.0
866.0,1625728939438,599.0
867.0,1625728942196,600.0
868.0,1625728948241,601.0
869.0,1625728950585,602.0
870.0,1625728955907,604.0
871.0,1625728958878,605.0
872.0,1625728961382,606.0
873.0,1625728964393,607.0
874.0,1625728967579,608.0
875.0,1625728969886,609.0
876.0,1625728973385,610.0
877.0,1625728975823,611.0
878.0,1625728978765,612.0
879.0,1625728982148,613.0
880.0,1625728985037,614.0
881.0,1625728990729,616.0
882.0,1625728996377,618.0
883.0,1625728998577,619.0
884.0,1625729001728,620.0
885.0,1625729002816,620.0
886.0,1625729005472,621.0
887.0,1625729008054,622.0
888.0,1625729010785,623.0
889.0,1625729013084,624.0
890.0,1625729016293,625.0
891.0,1625729019388,626.0
892.0,1625729022988,627.0
893.0,1625729025592,628.0
894.0,1625729028263,629.0
895.0,1625729030379,630.0
896.0,1625729033572,631.0
897.0,1625729039196,633.0
898.0,1625729042077,634.0
899.0,1625729044602,635.0
900.0,1625729047406,636.0
901.0,1625729049918,637.0
902.0,1625729052217,638.0
903.0,1625729055745,639.0
904.0,1625729062978,640.0
905.0,1625729067745,642.0
906.0,1625729071531,643.0
907.0,1625729075951,644.0
908.0,1625729078627,645.0
909.0,1625729080576,646.0
910.0,1625729084104,647.0
911.0,1625729085366,647.0
912.0,1625729089590,648.0
913.0,1625729090784,648.0
914.0,1625729092902,649.0
915.0,1625729096094,650.0
916.0,1625729098673,651.0
917.0,1625729101122,652.0
918.0,1625729104640,653.0
919.0,1625729107172,654.0
920.0,1625729110517,655.0
921.0,1625729113702,656.0
922.0,1625729116457,657.0
923.0,1625729118913,658.0
924.0,1625729124602,660.0
925.0,1625729127156,661.0
926.0,1625729129893,662.0
927.0,1625729132556,663.0
928.0,1625729134866,664.0
929.0,1625729137090,665.0
930.0,1625729138413,665.0
931.0,1625729140926,666.0
932.0,1625729143703,667.0
933.0,1625729146694,668.0
934.0,1625729148027,668.0
935.0,1625729150618,669.0
936.0,1625729155597,671.0
937.0,1625729158693,672.0
938.0,1625729161886,673.0
939.0,1625729164769,674.0
940.0,1625729167073,675.0
941.0,1625729168162,675.0
942.0,1625729171311,676.0
943.0,1625729174393,677.0
944.0,1625729176595,678.0
945.0,1625729178286,678.0
946.0,1625729181938,679.0
947.0,1625729189250,680.0
948.0,1625729190320,680.0
949.0,1625729194010,681.0
950.0,1625729196656,682.0
951.0,1625729199515,683.0
952.0,1625729200621,683.0
953.0,1625729202264,683.0
954.0,1625729204817,684.0
955.0,1625729207641,685.0
956.0,1625729210633,686.0
957.0,1625729212880,687.0
958.0,1625729216189,688.0
959.0,1625729219420,689.0
960.0,1625729220895,689.0
961.0,1625729223789,690.0
962.0,1625729226883,691.0
963.0,1625729230407,692.0
964.0,1625729233578,693.0
965.0,1625729236711,694.0
966.0,1625729239873,695.0
967.0,1625729242956,696.0
968.0,1625729245618,697.0
969.0,1625729249071,698.0
970.0,1625729251234,699.0
971.0,1625729253528,700.0
972.0,1625729256314,701.0
973.0,1625729259305,702.0
974.0,1625729261468,703.0
975.0,1625729264059,704.0
976.0,1625729269200,706.0
977.0,1625729271500,707.0
978.0,1625729281452,711.0
979.0,1625729284201,712.0
980.0,1625729289689,714.0
981.0,1625729292228,715.0
982.0,1625729295145,716.0
983.0,1625729297644,717.0
984.0,1625729303363,719.0
985.0,1625729305558,720.0
986.0,1625729310259,722.0
987.0,1625729313158,723.0
988.0,1625729315382,724.0
989.0,1625729318341,725.0
990.0,1625729321534,726.0
991.0,1625729324189,727.0
992.0,1625729326566,728.0
993.0,1625729329517,729.0
994.0,1625729330644,729.0
995.0,1625729332832,730.0
996.0,1625729338817,732.0
997.0,1625729341513,733.0
998.0,1625729343947,734.0
999.0,1625729347097,735.0
1000.0,1625729349685,736.0
1001.0,1625729352488,737.0
1002.0,1625729355450,738.0
1003.0,1625729357914,739.0
1004.0,1625729360080,740.0
1005.0,1625729362907,741.0
1006.0,1625729364997,742.0
1007.0,1625729372088,745.0
1008.0,1625729378267,747.0
1009.0,1625729383632,749.0
1010.0,1625729385899,750.0
1011.0,1625729388263,751.0
1012.0,1625729390854,752.0
1013.0,1625729393391,753.0
1014.0,1625729404389,754.0
1015.0,1625729407573,755.0
1016.0,1625729409651,756.0
1017.0,1625729410917,756.0
1018.0,1625729413498,757.0
1019.0,1625729416153,758.0
1020.0,1625729419466,759.0
1021.0,1625729422205,760.0
1022.0,1625729425144,761.0
1023.0,1625729427423,762.0
1024.0,1625729436117,765.0
1025.0,1625729438529,766.0
1026.0,1625729444469,768.0
1027.0,1625729446815,769.0
1028.0,1625729449733,770.0
1029.0,1625729452765,771.0
1030.0,1625729457456,773.0
1031.0,1625729462157,775.0
1032.0,1625729465334,776.0
1033.0,1625729473007,779.0
1034.0,1625729476374,780.0
1035.0,1625729479243,781.0
1036.0,1625729480450,781.0
1037.0,1625729483217,782.0
1038.0,1625729486280,783.0
1039.0,1625729487492,783.0
1040.0,1625729489952,784.0
1041.0,1625729491183,784.0
1042.0,1625729493105,785.0
1043.0,1625729494358,785.0
1044.0,1625729497311,786.0
1045.0,1625729500717,787.0
1046.0,1625729503835,788.0
1047.0,1625729507224,789.0
1048.0,1625729508277,789.0
1049.0,1625729513460,791.0
1050.0,1625729518817,793.0
1051.0,1625729520167,793.0
1052.0,1625729523470,794.0
1053.0,1625729526613,795.0
1054.0,1625729529494,796.0
1055.0,1625729535124,798.0
1056.0,1625729541571,800.0
1057.0,1625729543737,801.0
1058.0,1625729546924,802.0
1059.0,1625729549875,803.0
1060.0,1625729552777,804.0
1061.0,1625729554996,805.0
1062.0,1625729558115,806.0
1063.0,1625729560625,807.0
1064.0,1625729563515,808.0
1065.0,1625729566610,809.0
1066.0,1625729568935,810.0
1067.0,1625729571967,811.0
1068.0,1625729573972,812.0
1069.0,1625729577359,813.0
1070.0,1625729580082,814.0
1071.0,1625729581963,815.0
1072.0,1625729585381,816.0
1073.0,1625729588847,817.0
1074.0,1625729594277,819.0
1075.0,1625729596606,820.0
1076.0,1625729599857,821.0
1077.0,1625729602622,822.0
1078.0,1625729605537,823.0
1079.0,1625729608473,824.0
1080.0,1625729611411,825.0
1081.0,1625729613870,826.0
1082.0,1625729616735,827.0
1083.0,1625729617779,827.0
1084.0,1625729620359,828.0
1085.0,1625729621486,828.0
1086.0,1625729624234,829.0
1087.0,1625729626969,830.0
1088.0,1625729629870,831.0
1089.0,1625729633383,832.0
1090.0,1625729638107,834.0
1091.0,1625729641897,835.0
1092.0,1625729644287,836.0
1093.0,1625729646600,837.0
1094.0,1625729649794,838.0
1095.0,1625729652810,839.0
1096.0,1625729654400,839.0
1097.0,1625729656382,840.0
1098.0,1625729659309,841.0
1099.0,1625729660342,841.0
1100.0,1625729661407,841.0
1101.0,1625729662466,841.0
1102.0,1625729665070,842.0
1103.0,1625729666131,842.0
1104.0,1625729669064,843.0
1105.0,1625729671812,844.0
1106.0,1625729675277,845.0
1107.0,1625729678199,846.0
1108.0,1625729681954,847.0
1109.0,1625729685735,848.0
1110.0,1625729688813,849.0
1111.0,1625729694303,851.0
1112.0,1625729697229,852.0
1113.0,1625729700138,853.0
1114.0,1625729703637,854.0
1115.0,1625729706504,855.0
1116.0,1625729707717,855.0
1117.0,1625729710852,856.0
1118.0,1625729715504,857.0
1119.0,1625729719216,858.0
1120.0,1625729722155,859.0
1121.0,1625729724467,860.0
1122.0,1625729726027,860.0
1123.0,1625729728332,861.0
1124.0,1625729731680,862.0
1125.0,1625729734583,863.0
1126.0,1625729735624,863.0
1127.0,1625729738103,864.0
1128.0,1625729741034,865.0
1129.0,1625729743768,866.0
1130.0,1625729744985,866.0
1131.0,1625729747008,867.0
1132.0,1625729748056,867.0
1133.0,1625729750818,868.0
1134.0,1625729754103,869.0
1135.0,1625729757504,870.0
1136.0,1625729759620,871.0
1137.0,1625729760764,871.0
1138.0,1625729762915,872.0
1139.0,1625729766595,873.0
1140.0,1625729767637,873.0
1141.0,1625729768703,873.0
1142.0,1625729770123,873.0
1143.0,1625729773005,874.0
1144.0,1625729774187,874.0
1145.0,1625729776070,875.0
1146.0,1625729779462,876.0
1147.0,1625729780977,876.0
1148.0,1625729783023,877.0
1149.0,1625729786227,878.0
1150.0,1625729794230,881.0
1151.0,1625729797264,882.0
1152.0,1625729800169,883.0
1153.0,1625729803220,884.0
1154.0,1625729807697,885.0
1155.0,1625729811028,886.0
1156.0,1625729814293,887.0
1157.0,1625729817419,888.0
1158.0,1625729818639,888.0
1159.0,1625729821108,889.0
1160.0,1625729822305,889.0
1161.0,1625729824462,890.0
1162.0,1625729828252,891.0
1163.0,1625729829554,891.0
1164.0,1625729833473,892.0
1165.0,1625729837124,893.0
1166.0,1625729838193,893.0
1167.0,1625729840908,894.0
1168.0,1625729844214,895.0
1169.0,1625729846564,896.0
1170.0,1625729848030,896.0
1171.0,1625729850777,897.0
1172.0,1625729852901,898.0
1173.0,1625729855767,899.0
1174.0,1625729858515,900.0
1175.0,1625729861434,901.0
1176.0,1625729864565,902.0
1177.0,1625729865854,902.0
1178.0,1625729867115,902.0
1179.0,1625729870057,903.0
1180.0,1625729873078,904.0
1181.0,1625729875906,905.0
1182.0,1625729879449,906.0
1183.0,1625729880576,906.0
1184.0,1625729882732,907.0
1185.0,1625729885676,908.0
1186.0,1625729886973,908.0
1187.0,1625729889260,909.0
1188.0,1625729890477,909.0
1189.0,1625729891678,909.0
1190.0,1625729896543,911.0
1191.0,1625729900101,912.0
1192.0,1625729902393,913.0
1193.0,1625729903480,913.0
1194.0,1625729904571,913.0
1195.0,1625729909799,915.0
1196.0,1625729911912,916.0
1197.0,1625729912981,916.0
1198.0,1625729914332,916.0
1199.0,1625729916808,917.0
1200.0,1625729919803,918.0
1201.0,1625729920991,918.0
1202.0,1625729924572,919.0
1203.0,1625729925622,919.0
1204.0,1625729927870,920.0
1205.0,1625729929058,920.0
1206.0,1625729932005,921.0
1207.0,1625729935851,922.0
1208.0,1625729936999,922.0
1209.0,1625729939849,923.0
1210.0,1625729945599,925.0
1211.0,1625729948729,926.0
1212.0,1625729951205,927.0
1213.0,1625729952270,927.0
1214.0,1625729953540,927.0
1215.0,1625729954588,927.0
1216.0,1625729957610,928.0
1217.0,1625729958657,928.0
1218.0,1625729961565,929.0
1219.0,1625729965288,930.0
1220.0,1625729966739,930.0
1221.0,1625729968174,930.0
1222.0,1625729969978,931.0
1223.0,1625729972883,932.0
1224.0,1625729976128,933.0
1225.0,1625729978969,934.0
1226.0,1625729980621,934.0
1227.0,1625729982943,935.0
1228.0,1625729986245,936.0
1229.0,1625729987278,936.0
1230.0,1625729990690,937.0
1231.0,1625729994515,938.0
1232.0,1625729997685,939.0
1233.0,1625730000627,940.0
1234.0,1625730001691,940.0
1235.0,1625730003333,940.0
1236.0,1625730006085,941.0
1237.0,1625730007122,941.0
1238.0,1625730010606,942.0
1239.0,1625730014154,943.0
1240.0,1625730016829,944.0
1241.0,1625730018004,944.0
1242.0,1625730020278,945.0
1243.0,1625730021336,945.0
1244.0,1625730023603,946.0
1245.0,1625730024777,946.0
1246.0,1625730027001,947.0
1247.0,1625730028049,947.0
1248.0,1625730030251,948.0
1249.0,1625730033801,949.0
1250.0,1625730037085,950.0
1251.0,1625730039460,951.0
1252.0,1625730043008,952.0
1253.0,1625730044045,952.0
1254.0,1625730045071,952.0
1255.0,1625730046095,952.0
1256.0,1625730047169,952.0
1257.0,1625730049987,953.0
1258.0,1625730052771,954.0
1259.0,1625730055357,955.0
1260.0,1625730058753,956.0
1261.0,1625730059840,956.0
1262.0,1625730063080,957.0
1263.0,1625730065610,958.0
1264.0,1625730068210,959.0
1265.0,1625730071248,960.0
1266.0,1625730073873,961.0
1267.0,1625730076393,962.0
1268.0,1625730077646,962.0
1269.0,1625730079720,963.0
1270.0,1625730082094,964.0
1271.0,1625730085107,965.0
1272.0,1625730086301,965.0
1273.0,1625730087469,965.0
1274.0,1625730088504,965.0
1275.0,1625730089546,965.0
1276.0,1625730090769,965.0
1277.0,1625730093489,966.0
1278.0,1625730096456,967.0
1279.0,1625730098775,968.0
1280.0,1625730101085,969.0
1281.0,1625730103702,970.0
1282.0,1625730106994,971.0
1283.0,1625730109684,972.0
1284.0,1625730114547,973.0
1285.0,1625730117406,974.0
1286.0,1625730120262,975.0
1287.0,1625730123337,976.0
1288.0,1625730126325,977.0
1289.0,1625730129165,978.0
1290.0,1625730132323,979.0
1291.0,1625730134636,980.0
1292.0,1625730138086,981.0
1293.0,1625730140828,982.0
1294.0,1625730143763,983.0
1295.0,1625730146590,984.0
1296.0,1625730218931,985.0
1297.0,1625730221559,986.0
1298.0,1625730224622,987.0
1299.0,1625730227426,988.0
1300.0,1625730230353,989.0
1301.0,1625730236204,991.0
1302.0,1625730238751,992.0
1303.0,1625730241284,993.0
1304.0,1625730247241,995.0
1305.0,1625730252703,997.0
1306.0,1625730256090,998.0
1307.0,1625730258650,999.0
1308.0,1625730260896,1000.0
1309.0,1625730263688,1001.0
1310.0,1625730266474,1002.0
1311.0,1625730268873,1003.0
1312.0,1625730272020,1004.0
1313.0,1625730274155,1005.0
1314.0,1625730276603,1006.0
1315.0,1625730279715,1007.0
1316.0,1625730282072,1008.0
1317.0,1625730284796,1009.0
1318.0,1625730287357,1010.0
1319.0,1625730289705,1011.0
1320.0,1625730292485,1012.0
1321.0,1625730295223,1013.0
1322.0,1625730298364,1014.0
1323.0,1625730301281,1015.0
1324.0,1625730304245,1016.0
1325.0,1625730307014,1017.0
1326.0,1625730309473,1018.0
1327.0,1625730314727,1020.0
1328.0,1625730318061,1021.0
1329.0,1625730320714,1022.0
1330.0,1625730323505,1023.0
1331.0,1625730326291,1024.0
1332.0,1625730329242,1025.0
1333.0,1625730330280,1025.0
1334.0,1625730333178,1026.0
1335.0,1625730336324,1027.0
1336.0,1625730339619,1028.0
1337.0,1625730342706,1029.0
1338.0,1625730344938,1030.0
1339.0,1625730347376,1031.0
1340.0,1625730349905,1032.0
1341.0,1625730350947,1032.0
1342.0,1625730354024,1033.0
1343.0,1625730355153,1033.0
1344.0,1625730357523,1034.0
1345.0,1625730358706,1034.0
1346.0,1625730360992,1035.0
1347.0,1625730362046,1035.0
1348.0,1625730364546,1036.0
1349.0,1625730365582,1036.0
1350.0,1625730367940,1037.0
1351.0,1625730370313,1038.0
1352.0,1625730373434,1039.0
1353.0,1625730375597,1040.0
1354.0,1625730378499,1041.0
1355.0,1625730379546,1041.0
1356.0,1625730380578,1041.0
1357.0,1625730381623,1041.0
1358.0,1625730382726,1041.0
1359.0,1625730383774,1041.0
1360.0,1625730384835,1041.0
1361.0,1625730385871,1041.0
1362.0,1625730386970,1041.0
1363.0,1625730389205,1042.0
1364.0,1625730392732,1043.0
1365.0,1625730395847,1044.0
1366.0,1625730399048,1045.0
1367.0,1625730402559,1046.0
1368.0,1625730405489,1047.0
1369.0,1625730408972,1048.0
1370.0,1625730410025,1048.0
1371.0,1625730411961,1049.0
1372.0,1625730412980,1049.0
1373.0,1625730414021,1049.0
1374.0,1625730416469,1050.0
1375.0,1625730419761,1051.0
1376.0,1625730422628,1052.0
1377.0,1625730425636,1053.0
1378.0,1625730428009,1054.0
1379.0,1625730429043,1054.0
1380.0,1625730430081,1054.0
1381.0,1625730431175,1054.0
1382.0,1625730432236,1054.0
1383.0,1625730433311,1054.0
1384.0,1625730435528,1055.0
1385.0,1625730438646,1056.0
1386.0,1625730441229,1057.0
1387.0,1625730444454,1058.0
1388.0,1625730445510,1058.0
1389.0,1625730447837,1059.0
1390.0,1625730448976,1059.0
1391.0,1625730450981,1060.0
1392.0,1625730452089,1060.0
1393.0,1625730454484,1061.0
1394.0,1625730455681,1061.0
1395.0,1625730457511,1062.0
1396.0,1625730459882,1063.0
1397.0,1625730462707,1064.0
1398.0,1625730465835,1065.0
1399.0,1625730468534,1066.0
1400.0,1625730469583,1066.0
1401.0,1625730470622,1066.0
1402.0,1625730471663,1066.0
1403.0,1625730472765,1066.0
1404.0,1625730475294,1067.0
1405.0,1625730476327,1067.0
1406.0,1625730477493,1067.0
1407.0,1625730479520,1068.0
1408.0,1625730480583,1068.0
1409.0,1625730482860,1069.0
1410.0,1625730485378,1070.0
1411.0,1625730487968,1071.0
1412.0,1625730489466,1071.0
1413.0,1625730491534,1072.0
1414.0,1625730494224,1073.0
1415.0,1625730497498,1074.0
1416.0,1625730500131,1075.0
1417.0,1625730501311,1075.0
1418.0,1625730503478,1076.0
1419.0,1625730504612,1076.0
1420.0,1625730505653,1076.0
1421.0,1625730508242,1077.0
1422.0,1625730509272,1077.0
1423.0,1625730512435,1078.0
1424.0,1625730515455,1079.0
1425.0,1625730518293,1080.0
1426.0,1625730521499,1081.0
1427.0,1625730524430,1082.0
1428.0,1625730525496,1082.0
1429.0,1625730528252,1083.0
1430.0,1625730529298,1083.0
1431.0,1625730530340,1083.0
1432.0,1625730531397,1083.0
1433.0,1625730532456,1083.0
1434.0,1625730533492,1083.0
1435.0,1625730534571,1083.0
1436.0,1625730535609,1083.0
1437.0,1625730536653,1083.0
1438.0,1625730539848,1084.0
1439.0,1625730543038,1085.0
1440.0,1625730545387,1086.0
1441.0,1625730548996,1087.0
1442.0,1625730550037,1087.0
1443.0,1625730552777,1088.0
1444.0,1625730554693,1089.0
1445.0,1625730558169,1090.0
1446.0,1625730560993,1091.0
1447.0,1625730563414,1092.0
1448.0,1625730566461,1093.0
1449.0,1625730568623,1094.0
1450.0,1625730572245,1095.0
1451.0,1625730573637,1096.0
1452.0,1625730574797,1096.0
1453.0,1625730577152,1097.0
1454.0,1625730578200,1097.0
1455.0,1625730579301,1097.0
1456.0,1625730581259,1098.0
1457.0,1625730582450,1098.0
1458.0,1625730583520,1098.0
1459.0,1625730586058,1099.0
1460.0,1625730589397,1100.0
1461.0,1625730592774,1101.0
1462.0,1625730595213,1102.0
1463.0,1625730598538,1103.0
1464.0,1625730599734,1103.0
1465.0,1625730601892,1104.0
1466.0,1625730604589,1105.0
1467.0,1625730607659,1106.0
1468.0,1625730610188,1107.0
1469.0,1625730612839,1108.0
1470.0,1625730613882,1108.0
1471.0,1625730614919,1108.0
1472.0,1625730615958,1108.0
1473.0,1625730617062,1108.0
1474.0,1625730619462,1109.0
1475.0,1625730620693,1109.0
1476.0,1625730622803,1110.0
1477.0,1625730626020,1111.0
1478.0,1625730629165,1112.0
1479.0,1625730630218,1112.0
1480.0,1625730632644,1113.0
1481.0,1625730635832,1114.0
1482.0,1625730638899,1115.0
1483.0,1625730641609,1116.0
1484.0,1625730644761,1117.0
1485.0,1625730647338,1118.0
1486.0,1625730648380,1118.0
1487.0,1625730651825,1119.0
1488.0,1625730652878,1119.0
1489.0,1625730653937,1119.0
1490.0,1625730654972,1119.0
1491.0,1625730656018,1119.0
1492.0,1625730658489,1120.0
1493.0,1625730659540,1120.0
1494.0,1625730660584,1120.0
1495.0,1625730661629,1120.0
1496.0,1625730662692,1120.0
1497.0,1625730664920,1121.0
1498.0,1625730665968,1121.0
1499.0,1625730667409,1121.0
1500.0,1625730669960,1122.0
1501.0,1625730673106,1123.0
1502.0,1625730674229,1123.0
1503.0,1625730677260,1124.0
1504.0,1625730680271,1125.0
1505.0,1625730683108,1126.0
1506.0,1625730685880,1127.0
1507.0,1625730689229,1128.0
1508.0,1625730692140,1129.0
1509.0,1625730693161,1129.0
1510.0,1625730694193,1129.0
1511.0,1625730695236,1129.0
1512.0,1625730696376,1129.0
1513.0,1625730698761,1130.0
1514.0,1625730701949,1131.0
1515.0,1625730703945,1132.0
1516.0,1625730706645,1133.0
1517.0,1625730709859,1134.0
1518.0,1625730710897,1134.0
1519.0,1625730713683,1135.0
1520.0,1625730716852,1136.0
1521.0,1625730717939,1136.0
1522.0,1625730718984,1136.0
1523.0,1625730720018,1136.0
1524.0,1625730721088,1136.0
1525.0,1625730722160,1136.0
1526.0,1625730724490,1137.0
1527.0,1625730725547,1137.0
1528.0,1625730729011,1138.0
1529.0,1625730731920,1139.0
1530.0,1625730734164,1140.0
1531.0,1625730738141,1141.0
1532.0,1625730740875,1142.0
1533.0,1625730741929,1142.0
1534.0,1625730744066,1143.0
1535.0,1625730745332,1143.0
1536.0,1625730746392,1143.0
1537.0,1625730747429,1143.0
1538.0,1625730748463,1143.0
1539.0,1625730751213,1144.0
1540.0,1625730754188,1145.0
1541.0,1625730757187,1146.0
1542.0,1625730760023,1147.0
1543.0,1625730761059,1147.0
1544.0,1625730762099,1147.0
1545.0,1625730763144,1147.0
1546.0,1625730764260,1147.0
1547.0,1625730765298,1147.0
1548.0,1625730766341,1147.0
1549.0,1625730768898,1148.0
1550.0,1625730771817,1149.0
1551.0,1625730774461,1150.0
1552.0,1625730775686,1150.0
1553.0,1625730778711,1151.0
1554.0,1625730779776,1151.0
1555.0,1625730782262,1152.0
1556.0,1625730783299,1152.0
1557.0,1625730786362,1153.0
1558.0,1625730787543,1153.0
1559.0,1625730788774,1153.0
1560.0,1625730789833,1153.0
1561.0,1625730790966,1153.0
1562.0,1625730792196,1153.0
1563.0,1625730794229,1154.0
1564.0,1625730797200,1155.0
1565.0,1625730800261,1156.0
1566.0,1625730803506,1157.0
1567.0,1625730804732,1157.0
1568.0,1625730806947,1158.0
1569.0,1625730807980,1158.0
1570.0,1625730809037,1158.0
1571.0,1625730811415,1159.0
1572.0,1625730814212,1160.0
1573.0,1625730817625,1161.0
1574.0,1625730820319,1162.0
1575.0,1625730821566,1162.0
1576.0,1625730823842,1163.0
1577.0,1625730826336,1164.0
1578.0,1625730829416,1165.0
1579.0,1625730830463,1165.0
1580.0,1625730833174,1166.0
1581.0,1625730834233,1166.0
1582.0,1625730835271,1166.0
1583.0,1625730836393,1166.0
1584.0,1625730837469,1166.0
1585.0,1625730839914,1167.0
1586.0,1625730843113,1168.0
1587.0,1625730845553,1169.0
1588.0,1625730848077,1170.0
1589.0,1625730851078,1171.0
1590.0,1625730854004,1172.0
1591.0,1625730855064,1172.0
1592.0,1625730857489,1173.0
1593.0,1625730858528,1173.0
1594.0,1625730859803,1173.0
1595.0,1625730861916,1174.0
1596.0,1625730865119,1175.0
1597.0,1625730867674,1176.0
1598.0,1625730868698,1176.0
1599.0,1625730872242,1177.0
1600.0,1625730875478,1178.0
1601.0,1625730877548,1179.0
1602.0,1625730878669,1179.0
1603.0,1625730880938,1180.0
1604.0,1625730883794,1181.0
1605.0,1625730886795,1182.0
1606.0,1625730888062,1182.0
1607.0,1625730890022,1183.0
1608.0,1625730891098,1183.0
1609.0,1625730893221,1184.0
1610.0,1625730894248,1184.0
1611.0,1625730895279,1184.0
1612.0,1625730898521,1185.0
1613.0,1625730899581,1185.0
1614.0,1625730901926,1186.0
1615.0,1625730903052,1186.0
1616.0,1625730905700,1187.0
1617.0,1625730978902,1188.0
1618.0,1625730980000,1188.0
1619.0,1625730981072,1188.0
1620.0,1625730982134,1188.0
1621.0,1625730983259,1188.0
1622.0,1625730985540,1189.0
1623.0,1625730986582,1189.0
1624.0,1625730987712,1189.0
1625.0,1625730990280,1190.0
1626.0,1625730991338,1190.0
1627.0,1625730994029,1191.0
1628.0,1625730995119,1191.0
1629.0,1625730996169,1191.0
1630.0,1625730997213,1191.0
1631.0,1625730998269,1191.0
1632.0,1625731000529,1192.0
1633.0,1625731001624,1192.0
1634.0,1625731003797,1193.0
1635.0,1625731006727,1194.0
1636.0,1625731007764,1194.0
1637.0,1625731008853,1194.0
1638.0,1625731009899,1194.0
1639.0,1625731011154,1194.0
1640.0,1625731012213,1194.0
1641.0,1625731013324,1194.0
1642.0,1625731016153,1195.0
1643.0,1625731017631,1195.0
1644.0,1625731019672,1196.0
1645.0,1625731021078,1196.0
1646.0,1625731023488,1197.0
1647.0,1625731026330,1198.0
1648.0,1625731027508,1198.0
1649.0,1625731028638,1198.0
1650.0,1625731030895,1199.0
1651.0,1625731031969,1199.0
1652.0,1625731034561,1200.0
1653.0,1625731037538,1201.0
1654.0,1625731038596,1201.0
1655.0,1625731041161,1202.0
1656.0,1625731042392,1202.0
1657.0,1625731044559,1203.0
1658.0,1625731047323,1204.0
1659.0,1625731050253,1205.0
1660.0,1625731052115,1206.0
1661.0,1625731053380,1206.0
1662.0,1625731055241,1207.0
1663.0,1625731056400,1207.0
1664.0,1625731057606,1207.0
1665.0,1625731060249,1208.0
1666.0,1625731063420,1209.0
1667.0,1625731066135,1210.0
1668.0,1625731067373,1210.0
1669.0,1625731069319,1211.0
1670.0,1625731072179,1212.0
1671.0,1625731073219,1212.0
1672.0,1625731075734,1213.0
1673.0,1625731076781,1213.0
1674.0,1625731079639,1214.0
1675.0,1625731082303,1215.0
1676.0,1625731085403,1216.0
1677.0,1625731086635,1216.0
1678.0,1625731088870,1217.0
1679.0,1625731091705,1218.0
1680.0,1625731095188,1219.0
1681.0,1625731097227,1220.0
1682.0,1625731098263,1220.0
1683.0,1625731099400,1220.0
1684.0,1625731101884,1221.0
1685.0,1625731102917,1221.0
1686.0,1625731103956,1221.0
1687.0,1625731106656,1222.0
1688.0,1625731107845,1222.0
1689.0,1625731110857,1223.0
1690.0,1625731114151,1224.0
1691.0,1625731117062,1225.0
1692.0,1625731119547,1226.0
1693.0,1625731122143,1227.0
1694.0,1625731124579,1228.0
1695.0,1625731125640,1228.0
1696.0,1625731127869,1229.0
1697.0,1625731130521,1230.0
1698.0,1625731133641,1231.0
1699.0,1625731136682,1232.0
1700.0,1625731139524,1233.0
1701.0,1625731142252,1234.0
1702.0,1625731143301,1234.0
1703.0,1625731146290,1235.0
1704.0,1625731148876,1236.0
1705.0,1625731149931,1236.0
1706.0,1625731152576,1237.0
1707.0,1625731155402,1238.0
1708.0,1625731156465,1238.0
1709.0,1625731157501,1238.0
1710.0,1625731158547,1238.0
1711.0,1625731159653,1238.0
1712.0,1625731160730,1238.0
1713.0,1625731162916,1239.0
1714.0,1625731164143,1239.0
1715.0,1625731166532,1240.0
1716.0,1625731169375,1241.0
1717.0,1625731172359,1242.0
1718.0,1625731173623,1242.0
1719.0,1625731177276,1243.0
1720.0,1625731178326,1243.0
1721.0,1625731179378,1243.0
1722.0,1625731180625,1243.0
1723.0,1625731181666,1243.0
1724.0,1625731182771,1243.0
1725.0,1625731184966,1244.0
1726.0,1625731188396,1245.0
1727.0,1625731191019,1246.0
1728.0,1625731192752,1246.0
1729.0,1625731195082,1247.0
1730.0,1625731198452,1248.0
1731.0,1625731201547,1249.0
1732.0,1625731202649,1249.0
1733.0,1625731205158,1250.0
1734.0,1625731206195,1250.0
1735.0,1625731207395,1250.0
1736.0,1625731208434,1250.0
1737.0,1625731209679,1250.0
1738.0,1625731212304,1251.0
1739.0,1625731215166,1252.0
1740.0,1625731216300,1252.0
1741.0,1625731217344,1252.0
1742.0,1625731218381,1252.0
1743.0,1625731219448,1252.0
1744.0,1625731221722,1253.0
1745.0,1625731225056,1254.0
1746.0,1625731228398,1255.0
1747.0,1625731231580,1256.0
1748.0,1625731234300,1257.0
1749.0,1625731235349,1257.0
1750.0,1625731238312,1258.0
1751.0,1625731239356,1258.0
1752.0,1625731240389,1258.0
1753.0,1625731241592,1258.0
1754.0,1625731242642,1258.0
1755.0,1625731243701,1258.0
1756.0,1625731244851,1258.0
1757.0,1625731245913,1258.0
1758.0,1625731247055,1258.0
1759.0,1625731248096,1258.0
1760.0,1625731250818,1259.0
1761.0,1625731254008,1260.0
1762.0,1625731257009,1261.0
1763.0,1625731258207,1261.0
1764.0,1625731259375,1261.0
1765.0,1625731260417,1261.0
1766.0,1625731261456,1261.0
1767.0,1625731262713,1261.0
1768.0,1625731265324,1262.0
1769.0,1625731266483,1262.0
1770.0,1625731268794,1263.0
1771.0,1625731270107,1263.0
1772.0,1625731275142,1265.0
1773.0,1625731278281,1266.0
1774.0,1625731279476,1266.0
1775.0,1625731281512,1267.0
1776.0,1625731282721,1267.0
1777.0,1625731284630,1268.0
1778.0,1625731287908,1269.0
1779.0,1625731290947,1270.0
1780.0,1625731294008,1271.0
1781.0,1625731296673,1272.0
1782.0,1625731297718,1272.0
1783.0,1625731300804,1273.0
1784.0,1625731303999,1274.0
1785.0,1625731306949,1275.0
1786.0,1625731309771,1276.0
1787.0,1625731310793,1276.0
1788.0,1625731313790,1277.0
1789.0,1625731316141,1278.0
1790.0,1625731318660,1279.0
1791.0,1625731319721,1279.0
1792.0,1625731320743,1279.0
1793.0,1625731321801,1279.0
1794.0,1625731322906,1279.0
1795.0,1625731323949,1279.0
1796.0,1625731326041,1280.0
1797.0,1625731329290,1281.0
1798.0,1625731331624,1282.0
1799.0,1625731335109,1283.0
1800.0,1625731340326,1285.0
1801.0,1625731342824,1286.0
1802.0,1625731345287,1287.0
1803.0,1625731347691,1288.0
1804.0,1625731350226,1289.0
1805.0,1625731351289,1289.0
1806.0,1625731354032,1290.0
1807.0,1625731356558,1291.0
1808.0,1625731357619,1291.0
1809.0,1625731360914,1292.0
1810.0,1625731361939,1292.0
1811.0,1625731364373,1293.0
1812.0,1625731365408,1293.0
1813.0,1625731367729,1294.0
1814.0,1625731370360,1295.0
1815.0,1625731373491,1296.0
1816.0,1625731376141,1297.0
1817.0,1625731379043,1298.0
1818.0,1625731381442,1299.0
1819.0,1625731385289,1301.0
1820.0,1625731388839,1302.0
1821.0,1625731389914,1302.0
1822.0,1625731390976,1302.0
1823.0,1625731392017,1302.0
1824.0,1625731393077,1302.0
1825.0,1625731394235,1302.0
1826.0,1625731395285,1302.0
1827.0,1625731396337,1302.0
1828.0,1625731397407,1302.0
1829.0,1625731398474,1302.0
1830.0,1625731400911,1303.0
1831.0,1625731404059,1304.0
1832.0,1625731407809,1305.0
1833.0,1625731410707,1306.0
1834.0,1625731414134,1307.0
1835.0,1625731417400,1308.0
1836.0,1625731420685,1309.0
1837.0,1625731423819,1310.0
1838.0,1625731426175,1311.0
1839.0,1625731427419,1311.0
1840.0,1625731428469,1311.0
1841.0,1625731429526,1311.0
1842.0,1625731430618,1311.0
1843.0,1625731433766,1312.0
1844.0,1625731436936,1313.0
1845.0,1625731442269,1314.0
1846.0,1625731443448,1314.0
1847.0,1625731446432,1315.0
1848.0,1625731448763,1316.0
1849.0,1625731450078,1316.0
1850.0,1625731451968,1317.0
1851.0,1625731457160,1318.0
1852.0,1625731459867,1319.0
1853.0,1625731462390,1320.0
1854.0,1625731463514,1320.0
1855.0,1625731465640,1321.0
1856.0,1625731466694,1321.0
1857.0,1625731468989,1322.0
1858.0,1625731470072,1322.0
1859.0,1625731472190,1323.0
1860.0,1625731474699,1324.0
1861.0,1625731477673,1325.0
1862.0,1625731480644,1326.0
1863.0,1625731482954,1327.0
1864.0,1625731485434,1328.0
1865.0,1625731488439,1329.0
1866.0,1625731491712,1330.0
1867.0,1625731492951,1330.0
1868.0,1625731495322,1331.0
1869.0,1625731497065,1332.0
1870.0,1625731500117,1333.0
1871.0,1625731501292,1333.0
1872.0,1625731510590,1334.0
1873.0,1625731514291,1335.0
1874.0,1625731518392,1336.0
1875.0,1625731530241,1337.0
1876.0,1625731533411,1338.0
1877.0,1625731534631,1338.0
1878.0,1625731539282,1339.0
1879.0,1625731541139,1340.0
1880.0,1625731543912,1341.0
1881.0,1625731544963,1341.0
1882.0,1625731546015,1341.0
1883.0,1625731547086,1341.0
1884.0,1625731548165,1341.0
1885.0,1625731549216,1341.0
1886.0,1625731550324,1341.0
1887.0,1625731551401,1341.0
1888.0,1625731552443,1341.0
1889.0,1625731554853,1342.0
1890.0,1625731556115,1342.0
1891.0,1625731558206,1343.0
1892.0,1625731559475,1343.0
1893.0,1625731562323,1344.0
1894.0,1625731566897,1345.0
1895.0,1625731568059,1345.0
1896.0,1625731571597,1346.0
1897.0,1625731575252,1347.0
1898.0,1625731576480,1347.0
1899.0,1625731579785,1348.0
1900.0,1625731582271,1349.0
1901.0,1625731585817,1350.0
1902.0,1625731586869,1350.0
1903.0,1625731589066,1351.0
1904.0,1625731590104,1351.0
1905.0,1625731592249,1352.0
1906.0,1625731595051,1353.0
1907.0,1625731599158,1354.0
1908.0,1625731602050,1355.0
1909.0,1625731603113,1355.0
1910.0,1625731604175,1355.0
1911.0,1625731605234,1355.0
1912.0,1625731606277,1355.0
1913.0,1625731607338,1355.0
1914.0,1625731609769,1356.0
1915.0,1625731611004,1356.0
1916.0,1625731614266,1357.0
1917.0,1625731617955,1358.0
1918.0,1625731620500,1359.0
1919.0,1625731622276,1360.0
1920.0,1625731625964,1361.0
1921.0,1625731628927,1362.0
1922.0,1625731632932,1363.0
1923.0,1625731635856,1364.0
1924.0,1625731636922,1364.0
1925.0,1625731637985,1364.0
1926.0,1625731639046,1364.0
1927.0,1625731640110,1364.0
1928.0,1625731642642,1365.0
1929.0,1625731645496,1366.0
1930.0,1625731649406,1367.0
1931.0,1625731653843,1368.0
1932.0,1625731656644,1369.0
1933.0,1625731658945,1370.0
1934.0,1625731659994,1370.0
1935.0,1625731661200,1370.0
1936.0,1625731665592,1371.0
1937.0,1625731671491,1373.0
1938.0,1625731675135,1374.0
1939.0,1625731678410,1375.0
1940.0,1625731680840,1376.0
1941.0,1625731684348,1377.0
1942.0,1625731685407,1377.0
1943.0,1625731686464,1377.0
1944.0,1625731687510,1377.0
1945.0,1625731688596,1377.0
1946.0,1625731690774,1378.0
1947.0,1625731691899,1378.0
1948.0,1625731694384,1379.0
1949.0,1625731695442,1379.0
1950.0,1625731697539,1380.0
1951.0,1625731700415,1381.0
1952.0,1625731704611,1382.0
1953.0,1625731707445,1383.0
1954.0,1625731711165,1384.0
1955.0,1625731712421,1384.0
1956.0,1625731713537,1384.0
1957.0,1625731714594,1384.0
1958.0,1625731715640,1384.0
1959.0,1625731717840,1385.0
1960.0,1625731721113,1386.0
1961.0,1625731722289,1386.0
1962.0,1625731724201,1387.0
1963.0,1625731725313,1387.0
1964.0,1625731726480,1387.0
1965.0,1625731729174,1388.0
1966.0,1625731730259,1388.0
1967.0,1625731733202,1389.0
1968.0,1625731736258,1390.0
1969.0,1625731739714,1391.0
1970.0,1625731740927,1391.0
1971.0,1625731741960,1391.0
1972.0,1625731743016,1391.0
1973.0,1625731744210,1391.0
1974.0,1625731746645,1392.0
1975.0,1625731750430,1393.0
1976.0,1625731754979,1394.0
1977.0,1625731757559,1395.0
1978.0,1625731762663,1396.0
1979.0,1625731765460,1397.0
1980.0,1625731766506,1397.0
1981.0,1625731770636,1398.0
1982.0,1625731771759,1398.0
1983.0,1625731776008,1399.0
1984.0,1625731777606,1400.0
1985.0,1625731778660,1400.0
1986.0,1625731779695,1400.0
1987.0,1625731781845,1401.0
1988.0,1625731785798,1402.0
1989.0,1625731787048,1402.0
1990.0,1625731789424,1403.0
1991.0,1625731790461,1403.0
1992.0,1625731791526,1403.0
1993.0,1625731794619,1404.0
1994.0,1625731795893,1404.0
1995.0,1625731799634,1405.0
1996.0,1625731802988,1406.0
1997.0,1625731807370,1407.0
1998.0,1625731810376,1408.0
1999.0,1625731811501,1408.0
2000.0,1625731814700,1409.0
2001.0,1625731817768,1410.0
2002.0,1625731821116,1411.0
2003.0,1625731826662,1412.0
2004.0,1625731827692,1412.0
2005.0,1625731830336,1413.0
2006.0,1625731833527,1414.0
2007.0,1625731836742,1415.0
2008.0,1625731837791,1415.0
2009.0,1625731838827,1415.0
2010.0,1625731839872,1415.0
2011.0,1625731840981,1415.0
2012.0,1625731842021,1415.0
2013.0,1625731843073,1415.0
2014.0,1625731845772,1416.0
2015.0,1625731850622,1417.0
2016.0,1625731853630,1418.0
2017.0,1625731858335,1419.0
2018.0,1625731859390,1419.0
2019.0,1625731863281,1420.0
2020.0,1625731866404,1421.0
2021.0,1625731869358,1422.0
2022.0,1625731870399,1422.0
2023.0,1625731871455,1422.0
2024.0,1625731872502,1422.0
2025.0,1625731873591,1422.0
2026.0,1625731876580,1423.0
2027.0,1625731879856,1424.0
2028.0,1625731884841,1425.0
2029.0,1625731886059,1426.0
2030.0,1625731887284,1426.0
2031.0,1625731889705,1427.0
2032.0,1625731893886,1428.0
2033.0,1625731895209,1428.0
2034.0,1625731898468,1429.0
2035.0,1625731902383,1430.0
2036.0,1625731905332,1431.0
2037.0,1625731908581,1432.0
2038.0,1625731909629,1432.0
2039.0,1625731912067,1433.0
2040.0,1625731914503,1434.0
2041.0,1625731918128,1435.0
2042.0,1625731920502,1436.0
2043.0,1625731924549,1437.0
2044.0,1625731927795,1438.0
2045.0,1625731928859,1438.0
2046.0,1625731929910,1438.0
2047.0,1625731930956,1438.0
2048.0,1625731932030,1438.0
2049.0,1625731933107,1438.0
2050.0,1625731936025,1439.0
2051.0,1625731938780,1440.0
2052.0,1625731942054,1441.0
2053.0,1625731945456,1442.0
2054.0,1625731948036,1443.0
2055.0,1625731949071,1443.0
2056.0,1625731950113,1443.0
2057.0,1625731951203,1443.0
2058.0,1625731952284,1443.0
2059.0,1625731958188,1445.0
2060.0,1625731959420,1445.0
2061.0,1625731961838,1446.0
2062.0,1625731964741,1447.0
2063.0,1625731969164,1448.0
2064.0,1625731972108,1449.0
2065.0,1625731973666,1449.0
2066.0,1625731975594,1450.0
2067.0,1625731979416,1451.0
2068.0,1625731981963,1452.0
2069.0,1625731983032,1452.0
2070.0,1625731985750,1453.0
2071.0,1625731986796,1453.0
2072.0,1625731990507,1454.0
2073.0,1625731993706,1455.0
2074.0,1625731994767,1455.0
2075.0,1625731997175,1456.0
2076.0,1625732004022,1457.0
2077.0,1625732007146,1458.0
2078.0,1625732008254,1458.0
2079.0,1625732011656,1459.0
2080.0,1625732013017,1459.0
2081.0,1625732015171,1460.0
2082.0,1625732018747,1461.0
2083.0,1625732025141,1462.0
2084.0,1625732028785,1463.0
2085.0,1625732032697,1464.0
2086.0,1625732035845,1465.0
2087.0,1625732036917,1465.0
2088.0,1625732039447,1466.0
2089.0,1625732040506,1466.0
2090.0,1625732041797,1466.0
2091.0,1625732042831,1466.0
2092.0,1625732043874,1466.0
2093.0,1625732045010,1466.0
2094.0,1625732047726,1467.0
2095.0,1625732048872,1467.0
2096.0,1625732051273,1468.0
2097.0,1625732054233,1469.0
2098.0,1625732059977,1471.0
2099.0,1625732061167,1471.0
2100.0,1625732064336,1472.0
2101.0,1625732065384,1472.0
2102.0,1625732069708,1473.0
2103.0,1625732072679,1474.0
2104.0,1625732073722,1474.0
2105.0,1625732074761,1474.0
2106.0,1625732075801,1474.0
2107.0,1625732076935,1474.0
2108.0,1625732081087,1475.0
2109.0,1625732082171,1475.0
2110.0,1625732085225,1476.0
2111.0,1625732089002,1477.0
2112.0,1625732093869,1478.0
2113.0,1625732097397,1479.0
2114.0,1625732098742,1479.0
2115.0,1625732101845,1480.0
2116.0,1625732102962,1480.0
2117.0,1625732108219,1481.0
2118.0,1625732111136,1482.0
2119.0,1625732116265,1483.0
2120.0,1625732124440,1484.0
2121.0,1625732126869,1485.0
2122.0,1625732128028,1485.0
2123.0,1625732129105,1485.0
2124.0,1625732130215,1485.0
2125.0,1625732131250,1485.0
2126.0,1625732132286,1485.0
2127.0,1625732133321,1485.0
2128.0,1625732135723,1486.0
2129.0,1625732136925,1486.0
2130.0,1625732141959,1487.0
2131.0,1625732145479,1488.0
2132.0,1625732148756,1489.0
2133.0,1625732149808,1489.0
2134.0,1625732150865,1489.0
2135.0,1625732151924,1489.0
2136.0,1625732153149,1489.0
2137.0,1625732155874,1490.0
2138.0,1625732156981,1490.0
2139.0,1625732160530,1491.0
2140.0,1625732163551,1492.0
2141.0,1625732168644,1493.0
2142.0,1625732169689,1493.0
2143.0,1625732172473,1494.0
2144.0,1625732178020,1495.0
2145.0,1625732179067,1495.0
2146.0,1625732180961,1496.0
2147.0,1625732181996,1496.0
2148.0,1625732185597,1497.0
2149.0,1625732189380,1498.0
2150.0,1625732192207,1499.0
2151.0,1625732197459,1500.0
2152.0,1625732198758,1500.0
2153.0,1625732201181,1501.0
2154.0,1625732203969,1502.0
2155.0,1625732208230,1503.0
2156.0,1625732211403,1504.0
2157.0,1625732214828,1505.0
2158.0,1625732217795,1506.0
2159.0,1625732220491,1507.0
2160.0,1625732225656,1508.0
2161.0,1625732228972,1509.0
2162.0,1625732231504,1510.0
2163.0,1625732232543,1510.0
2164.0,1625732235930,1511.0
2165.0,1625732239668,1512.0
2166.0,1625732240710,1512.0
2167.0,1625732241749,1512.0
2168.0,1625732242800,1512.0
2169.0,1625732243913,1512.0
2170.0,1625732246719,1513.0
2171.0,1625732247760,1513.0
2172.0,1625732251574,1514.0
2173.0,1625732255522,1515.0
2174.0,1625732256880,1516.0
2175.0,1625732258108,1516.0
2176.0,1625732260524,1517.0
2177.0,1625732264413,1518.0
2178.0,1625732269384,1519.0
2179.0,1625732273957,1520.0
2180.0,1625732275843,1521.0
2181.0,1625732278311,1522.0
2182.0,1625732282224,1523.0
2183.0,1625732286069,1524.0
2184.0,1625732287125,1524.0
2185.0,1625732288185,1524.0
2186.0,1625732289253,1524.0
2187.0,1625732290342,1524.0
2188.0,1625732291383,1524.0
2189.0,1625732294677,1525.0
2190.0,1625732295794,1525.0
2191.0,1625732300776,1526.0
2192.0,1625732302860,1527.0
2193.0,1625732305843,1528.0
2194.0,1625732310623,1529.0
2195.0,1625732314634,1531.0
2196.0,1625732317375,1532.0
2197.0,1625732320917,1533.0
2198.0,1625732322356,1534.0
2199.0,1625732326436,1535.0
2200.0,1625732330209,1536.0
2201.0,1625732333931,1537.0
2202.0,1625732336771,1538.0
2203.0,1625732337819,1538.0
2204.0,1625732342942,1539.0
2205.0,1625732344013,1539.0
2206.0,1625732345076,1539.0
2207.0,1625732346155,1539.0
2208.0,1625732347183,1539.0
2209.0,1625732349435,1540.0
2210.0,1625732350544,1540.0
2211.0,1625732353309,1541.0
2212.0,1625732357874,1542.0
2213.0,1625732361350,1543.0
2214.0,1625732364769,1544.0
2215.0,1625732367161,1545.0
2216.0,1625732372109,1546.0
2217.0,1625732375516,1547.0
2218.0,1625732376564,1547.0
2219.0,1625732380705,1548.0
2220.0,1625732382486,1549.0
2221.0,1625732386780,1550.0
2222.0,1625732388024,1550.0
2223.0,1625732391155,1551.0
2224.0,1625732394843,1552.0
2225.0,1625732397527,1553.0
2226.0,1625732400275,1554.0
2227.0,1625732402861,1555.0
2228.0,1625732407293,1556.0
2229.0,1625732411288,1557.0
2230.0,1625732414078,1558.0
2231.0,1625732415131,1558.0
2232.0,1625732418210,1559.0
2233.0,1625732426371,1560.0
2234.0,1625732428290,1561.0
2235.0,1625732431899,1562.0
2236.0,1625732436099,1563.0
2237.0,1625732438088,1564.0
2238.0,1625732439259,1564.0
2239.0,1625732442555,1565.0
2240.0,1625732443785,1565.0
2241.0,1625732445910,1566.0
2242.0,1625732446993,1566.0
2243.0,1625732449638,1567.0
2244.0,1625732450701,1567.0
2245.0,1625732455740,1568.0
2246.0,1625732459753,1569.0
2247.0,1625732462254,1570.0
2248.0,1625732465582,1571.0
2249.0,1625732469082,1572.0
2250.0,1625732471862,1573.0
2251.0,1625732472924,1573.0
2252.0,1625732473979,1573.0
2253.0,1625732475033,1573.0
2254.0,1625732476112,1573.0
2255.0,1625732477449,1573.0
2256.0,1625732478557,1573.0
2257.0,1625732479616,1573.0
2258.0,1625732480813,1573.0
2259.0,1625732485294,1574.0
2260.0,1625732486752,1574.0
2261.0,1625732488940,1575.0
2262.0,1625732490177,1575.0
2263.0,1625732491225,1575.0
2264.0,1625732493772,1576.0
2265.0,1625732496314,1577.0
2266.0,1625732497549,1577.0
2267.0,1625732500780,1578.0
2268.0,1625732503360,1579.0
2269.0,1625732504422,1579.0
2270.0,1625732507387,1580.0
2271.0,1625732508619,1580.0
2272.0,1625732511869,1581.0
2273.0,1625732512908,1581.0
2274.0,1625732515489,1582.0
2275.0,1625732518492,1583.0
2276.0,1625732519685,1583.0
2277.0,1625732522277,1584.0
2278.0,1625732523311,1584.0
2279.0,1625732524358,1584.0
2280.0,1625732525401,1584.0
2281.0,1625732526523,1584.0
2282.0,1625732527609,1584.0
2283.0,1625732528630,1584.0
2284.0,1625732529668,1584.0
2285.0,1625732532444,1585.0
2286.0,1625732535412,1586.0
2287.0,1625732539426,1587.0
2288.0,1625732542557,1588.0
2289.0,1625732546686,1589.0
2290.0,1625732553700,1591.0
2291.0,1625732556043,1592.0
2292.0,1625732560366,1593.0
2293.0,1625732564383,1594.0
2294.0,1625732567193,1595.0
2295.0,1625732568232,1595.0
2296.0,1625732572210,1596.0
2297.0,1625732575741,1597.0
2298.0,1625732579353,1598.0
2299.0,1625732580410,1598.0
2300.0,1625732581449,1598.0
2301.0,1625732582493,1598.0
2302.0,1625732583602,1598.0
2303.0,1625732584651,1598.0
2304.0,1625732589411,1599.0
2305.0,1625732594988,1600.0
2306.0,1625732601449,1602.0
2307.0,1625732602487,1602.0
2308.0,1625732604390,1603.0
2309.0,1625732609211,1604.0
2310.0,1625732612879,1605.0
2311.0,1625732616258,1606.0
2312.0,1625732620274,1607.0
2313.0,1625732622959,1608.0
2314.0,1625732625210,1609.0
2315.0,1625732626864,1609.0
2316.0,1625732630066,1610.0
2317.0,1625732633287,1611.0
2318.0,1625732638745,1613.0
2319.0,1625732641491,1614.0
2320.0,1625732643587,1615.0
2321.0,1625732648859,1616.0
2322.0,1625732649910,1616.0
2323.0,1625732650955,1616.0
2324.0,1625732651999,1616.0
2325.0,1625732653105,1616.0
2326.0,1625732654152,1616.0
2327.0,1625732657004,1617.0
2328.0,1625732663589,1618.0
2329.0,1625732667133,1619.0
2330.0,1625732672009,1620.0
2331.0,1625732673780,1621.0
2332.0,1625732678445,1622.0
2333.0,1625732682961,1623.0
2334.0,1625732685388,1624.0
2335.0,1625732689325,1625.0
2336.0,1625732690684,1625.0
2337.0,1625732692931,1626.0
2338.0,1625732693981,1626.0
2339.0,1625732695150,1626.0
2340.0,1625732698189,1627.0
2341.0,1625732700990,1628.0
2342.0,1625732704212,1629.0
2343.0,1625732705294,1629.0
2344.0,1625732706346,1629.0
2345.0,1625732707391,1629.0
2346.0,1625732708430,1629.0
2347.0,1625732709667,1629.0
2348.0,1625732712233,1630.0
2349.0,1625732715341,1631.0
2350.0,1625732716465,1631.0
2351.0,1625732718782,1632.0
2352.0,1625732720692,1633.0
2353.0,1625732723856,1634.0
2354.0,1625732726571,1635.0
2355.0,1625732727904,1635.0
2356.0,1625732730277,1636.0
2357.0,1625732731341,1636.0
2358.0,1625732732387,1636.0
2359.0,1625732733432,1636.0
2360.0,1625732734506,1636.0
2361.0,1625732738313,1637.0
2362.0,1625732742307,1638.0
2363.0,1625732748567,1639.0
2364.0,1625732751712,1640.0
2365.0,1625732754499,1641.0
2366.0,1625732758252,1642.0
2367.0,1625732759296,1642.0
2368.0,1625732763568,1643.0
2369.0,1625732767097,1644.0
2370.0,1625732768151,1644.0
2371.0,1625732770219,1645.0
2372.0,1625732771314,1645.0
2373.0,1625732773784,1646.0
2374.0,1625732774831,1646.0
2375.0,1625732775871,1646.0
2376.0,1625732776912,1646.0
2377.0,1625732778019,1646.0
2378.0,1625732780537,1647.0
2379.0,1625732783550,1648.0
2380.0,1625732788862,1650.0
2381.0,1625732789934,1650.0
2382.0,1625732793008,1651.0
2383.0,1625732796651,1652.0
2384.0,1625732797760,1652.0
2385.0,1625732799941,1653.0
2386.0,1625732800988,1653.0
2387.0,1625732802027,1653.0
2388.0,1625732803095,1653.0
2389.0,1625732804178,1653.0
2390.0,1625732807428,1654.0
2391.0,1625732809251,1654.0
2392.0,1625732813246,1655.0
2393.0,1625732816285,1656.0
2394.0,1625732817662,1656.0
2395.0,1625732822671,1657.0
2396.0,1625732830245,1658.0
2397.0,1625732835700,1659.0
2398.0,1625732836775,1659.0
2399.0,1625732840814,1660.0
2400.0,1625732843441,1661.0
2401.0,1625732845531,1662.0
2402.0,1625732846578,1662.0
2403.0,1625732847692,1662.0
2404.0,1625732848745,1662.0
2405.0,1625732849804,1662.0
2406.0,1625732852139,1663.0
2407.0,1625732855861,1664.0
2408.0,1625732858650,1665.0
2409.0,1625732859734,1665.0
2410.0,1625732862195,1666.0
2411.0,1625732864831,1667.0
2412.0,1625732867683,1668.0
2413.0,1625732870469,1669.0
2414.0,1625732873443,1670.0
2415.0,1625732874661,1670.0
2416.0,1625732875734,1670.0
2417.0,1625732876804,1670.0
2418.0,1625732877863,1670.0
2419.0,1625732878908,1670.0
2420.0,1625732881513,1671.0
2421.0,1625732884431,1672.0
2422.0,1625732886689,1673.0
2423.0,1625732889538,1674.0
2424.0,1625732891943,1675.0
2425.0,1625732893210,1675.0
2426.0,1625732894249,1675.0
2427.0,1625732895294,1675.0
2428.0,1625732896335,1675.0
2429.0,1625732897410,1675.0
2430.0,1625732900363,1676.0
2431.0,1625732901647,1676.0
2432.0,1625732905289,1677.0
2433.0,1625732906538,1677.0
2434.0,1625732912093,1679.0
2435.0,1625732913222,1679.0
2436.0,1625732915332,1680.0
2437.0,1625732916411,1680.0
2438.0,1625732918533,1681.0
2439.0,1625732921651,1682.0
2440.0,1625732924817,1683.0
2441.0,1625732927634,1684.0
2442.0,1625732928727,1685.0
2443.0,1625732931961,1686.0
2444.0,1625732935091,1687.0
2445.0,1625732937175,1688.0
2446.0,1625732941558,1689.0
2447.0,1625732944365,1690.0
2448.0,1625732947025,1691.0
2449.0,1625732950499,1692.0
2450.0,1625732953558,1693.0
2451.0,1625732954736,1693.0
2452.0,1625732957218,1694.0
2453.0,1625732960366,1695.0
2454.0,1625732961412,1695.0
2455.0,1625732962476,1695.0
2456.0,1625732963527,1695.0
2457.0,1625732964594,1695.0
2458.0,1625732967175,1696.0
2459.0,1625732968214,1696.0
2460.0,1625732970438,1697.0
2461.0,1625732973576,1698.0
2462.0,1625732976364,1699.0
2463.0,1625732979815,1700.0
2464.0,1625732980860,1700.0
2465.0,1625732981914,1700.0
2466.0,1625732982960,1700.0
2467.0,1625732984056,1700.0
2468.0,1625732986412,1701.0
2469.0,1625732987835,1701.0
2470.0,1625732989869,1702.0
2471.0,1625732992856,1703.0
2472.0,1625732994060,1703.0
2473.0,1625732996931,1704.0
2474.0,1625732998018,1704.0
2475.0,1625733001258,1705.0
2476.0,1625733003977,1706.0
2477.0,1625733005017,1706.0
2478.0,1625733007770,1707.0
2479.0,1625733008865,1707.0
2480.0,1625733011853,1708.0
2481.0,1625733013121,1708.0
2482.0,1625733015786,1709.0
2483.0,1625733018692,1710.0
2484.0,1625733021473,1711.0
2485.0,1625733024381,1712.0
2486.0,1625733027094,1713.0
2487.0,1625733029930,1714.0
2488.0,1625733032708,1715.0
2489.0,1625733033756,1715.0
2490.0,1625733037266,1716.0
2491.0,1625733039678,1717.0
2492.0,1625733053979,1718.0
2493.0,1625733057847,1719.0
2494.0,1625733061460,1720.0
2495.0,1625733063137,1721.0
2496.0,1625733065825,1722.0
2497.0,1625733066893,1722.0
2498.0,1625733067931,1722.0
2499.0,1625733069006,1722.0
2500.0,1625733070052,1722.0
2501.0,1625733073427,1723.0
2502.0,1625733074636,1723.0
2503.0,1625733077076,1724.0
2504.0,1625733080226,1725.0
2505.0,1625733082106,1726.0
2506.0,1625733083152,1726.0
2507.0,1625733085932,1727.0
2508.0,1625733088816,1728.0
2509.0,1625733091967,1729.0
2510.0,1625733094118,1730.0
2511.0,1625733097536,1731.0
2512.0,1625733099813,1732.0
2513.0,1625733101089,1732.0
2514.0,1625733102136,1732.0
2515.0,1625733105424,1733.0
2516.0,1625733106571,1733.0
2517.0,1625733109518,1734.0
2518.0,1625733112221,1735.0
2519.0,1625733113288,1735.0
2520.0,1625733117023,1736.0
2521.0,1625733120271,1737.0
2522.0,1625733123015,1738.0
2523.0,1625733126458,1739.0
2524.0,1625733130085,1740.0
2525.0,1625733132739,1741.0
2526.0,1625733133799,1741.0
2527.0,1625733136563,1742.0
2528.0,1625733137623,1742.0
2529.0,1625733138661,1742.0
2530.0,1625733139709,1742.0
2531.0,1625733140790,1742.0
2532.0,1625733141864,1742.0
2533.0,1625733142910,1742.0
2534.0,1625733143957,1742.0
2535.0,1625733146365,1743.0
2536.0,1625733149256,1744.0
2537.0,1625733151900,1745.0
2538.0,1625733154629,1746.0
2539.0,1625733158805,1747.0
2540.0,1625733160080,1747.0
2541.0,1625733162442,1748.0
2542.0,1625733163536,1748.0
2543.0,1625733166052,1749.0
2544.0,1625733169972,1750.0
2545.0,1625733173553,1751.0
2546.0,1625733174601,1751.0
2547.0,1625733175649,1751.0
2548.0,1625733176692,1751.0
2549.0,1625733177767,1751.0
2550.0,1625733178873,1751.0
2551.0,1625733181176,1752.0
2552.0,1625733182399,1752.0
2553.0,1625733184672,1753.0
2554.0,1625733185718,1753.0
2555.0,1625733186826,1753.0
2556.0,1625733190206,1754.0
2557.0,1625733192628,1755.0
2558.0,1625733195409,1756.0
2559.0,1625733198439,1757.0
2560.0,1625733201890,1758.0
2561.0,1625733205256,1759.0
2562.0,1625733208500,1760.0
2563.0,1625733211605,1761.0
2564.0,1625733212772,1761.0
2565.0,1625733215444,1762.0
2566.0,1625733216507,1762.0
2567.0,1625733217552,1762.0
2568.0,1625733218627,1762.0
2569.0,1625733219704,1762.0
2570.0,1625733223213,1763.0
2571.0,1625733226268,1764.0
2572.0,1625733229863,1765.0
2573.0,1625733232607,1766.0
2574.0,1625733233668,1766.0
2575.0,1625733234715,1766.0
2576.0,1625733235756,1766.0
2577.0,1625733236823,1766.0
2578.0,1625733237917,1766.0
2579.0,1625733238961,1766.0
2580.0,1625733241234,1767.0
2581.0,1625733242313,1767.0
2582.0,1625733245576,1768.0
2583.0,1625733248390,1769.0
2584.0,1625733251834,1770.0
2585.0,1625733254416,1771.0
2586.0,1625733255474,1771.0
2587.0,1625733258028,1772.0
2588.0,1625733259153,1772.0
2589.0,1625733261459,1773.0
2590.0,1625733262490,1773.0
2591.0,1625733263912,1773.0
2592.0,1625733266728,1774.0
2593.0,1625733270037,1775.0
2594.0,1625733272013,1776.0
2595.0,1625733275308,1777.0
2596.0,1625733277781,1778.0
2597.0,1625733280757,1779.0
2598.0,1625733284602,1780.0
2599.0,1625733285656,1780.0
2600.0,1625733287411,1780.0
2601.0,1625733288472,1780.0
2602.0,1625733291625,1781.0
2603.0,1625733294266,1782.0
2604.0,1625733297114,1783.0
2605.0,1625733299644,1784.0
2606.0,1625733302670,1785.0
2607.0,1625733305533,1786.0
2608.0,1625733306590,1786.0
2609.0,1625733307634,1786.0
2610.0,1625733308676,1786.0
2611.0,1625733309782,1786.0
2612.0,1625733310829,1786.0
2613.0,1625733314074,1787.0
2614.0,1625733317348,1788.0
2615.0,1625733320891,1789.0
2616.0,1625733323168,1790.0
2617.0,1625733324296,1790.0
2618.0,1625733326509,1791.0
2619.0,1625733329919,1792.0
2620.0,1625733331033,1792.0
2621.0,1625733333437,1793.0
2622.0,1625733335817,1794.0
2623.0,1625733336857,1794.0
2624.0,1625733339129,1795.0
2625.0,1625733340352,1795.0
2626.0,1625733342563,1796.0
2627.0,1625733345398,1797.0
2628.0,1625733349048,1798.0
2629.0,1625733352658,1799.0
2630.0,1625733355815,1800.0
2631.0,1625733356855,1800.0
2632.0,1625733359127,1801.0
2633.0,1625733360186,1801.0
2634.0,1625733361357,1801.0
2635.0,1625733363897,1802.0
2636.0,1625733366747,1803.0
2637.0,1625733369242,1804.0
2638.0,1625733370368,1804.0
2639.0,1625733372213,1805.0
2640.0,1625733373267,1805.0
2641.0,1625733375990,1806.0
2642.0,1625733379095,1807.0
2643.0,1625733381135,1808.0
2644.0,1625733383848,1809.0
2645.0,1625733384918,1809.0
2646.0,1625733385985,1809.0
2647.0,1625733387040,1809.0
2648.0,1625733388095,1809.0
2649.0,1625733390523,1810.0
2650.0,1625733394494,1811.0
2651.0,1625733399726,1813.0
2652.0,1625733402520,1814.0
2653.0,1625733405625,1815.0
2654.0,1625733407041,1815.0
2655.0,1625733409226,1816.0
2656.0,1625733410284,1816.0
2657.0,1625733411450,1816.0
2658.0,1625733412502,1816.0
2659.0,1625733413577,1816.0
2660.0,1625733416543,1817.0
2661.0,1625733417887,1817.0
2662.0,1625733420118,1818.0
2663.0,1625733422485,1819.0
2664.0,1625733423531,1819.0
2665.0,1625733426191,1820.0
2666.0,1625733429280,1821.0
2667.0,1625733432557,1822.0
2668.0,1625733435449,1823.0
2669.0,1625733436756,1823.0
2670.0,1625733439112,1824.0
2671.0,1625733440154,1824.0
2672.0,1625733441205,1824.0
2673.0,1625733442249,1824.0
2674.0,1625733443330,1824.0
2675.0,1625733444376,1824.0
2676.0,1625733445561,1824.0
2677.0,1625733448441,1825.0
2678.0,1625733451387,1826.0
2679.0,1625733454063,1827.0
2680.0,1625733457284,1828.0
2681.0,1625733460391,1829.0
2682.0,1625733463163,1830.0
2683.0,1625733466184,1831.0
2684.0,1625733470168,1832.0
2685.0,1625733474698,1834.0
2686.0,1625733477524,1835.0
2687.0,1625733478567,1835.0
2688.0,1625733481262,1836.0
2689.0,1625733482305,1836.0
2690.0,1625733483345,1836.0
2691.0,1625733484567,1836.0
2692.0,1625733485779,1836.0
2693.0,1625733487823,1837.0
2694.0,1625733490910,1838.0
2695.0,1625733494978,1839.0
2696.0,1625733497699,1840.0
2697.0,1625733500079,1841.0
2698.0,1625733502521,1842.0
2699.0,1625733505311,1843.0
2700.0,1625733507883,1844.0
2701.0,1625733508933,1844.0
2702.0,1625733509993,1844.0
2703.0,1625733511138,1844.0
2704.0,1625733512375,1844.0
2705.0,1625733514563,1845.0
2706.0,1625733517596,1846.0
2707.0,1625733519508,1847.0
2708.0,1625733522460,1848.0
2709.0,1625733525176,1849.0
2710.0,1625733528353,1850.0
2711.0,1625733530904,1851.0
2712.0,1625733533591,1852.0
2713.0,1625733536116,1853.0
2714.0,1625733538562,1854.0
2715.0,1625733541093,1855.0
2716.0,1625733544418,1856.0
2717.0,1625733546835,1857.0
2718.0,1625733549606,1858.0
2719.0,1625733552460,1859.0
2720.0,1625733554823,1860.0
2721.0,1625733557332,1861.0
2722.0,1625733559928,1862.0
2723.0,1625733561012,1862.0
2724.0,1625733563803,1863.0
2725.0,1625733564840,1863.0
2726.0,1625733567531,1864.0
2727.0,1625733570597,1865.0
2728.0,1625733573436,1866.0
2729.0,1625733576636,1867.0
2730.0,1625733577681,1867.0
2731.0,1625733578728,1867.0
2732.0,1625733579795,1867.0
2733.0,1625733580887,1867.0
2734.0,1625733581960,1867.0
2735.0,1625733583013,1867.0
2736.0,1625733584093,1867.0
2737.0,1625733586416,1868.0
2738.0,1625733587602,1868.0
2739.0,1625733590276,1869.0
2740.0,1625733592743,1870.0
2741.0,1625733593779,1870.0
2742.0,1625733598319,1872.0
2743.0,1625733599433,1872.0
2744.0,1625733602206,1873.0
2745.0,1625733604888,1874.0
2746.0,1625733607690,1875.0
2747.0,1625733610663,1876.0
2748.0,1625733614039,1877.0
2749.0,1625733616485,1878.0
2750.0,1625733617525,1878.0
2751.0,1625733618567,1878.0
2752.0,1625733619623,1878.0
2753.0,1625733620673,1878.0
2754.0,1625733621742,1878.0
2755.0,1625733622788,1878.0
2756.0,1625733624852,1879.0
2757.0,1625733625963,1879.0
2758.0,1625733628288,1880.0
2759.0,1625733631817,1881.0
2760.0,1625733634627,1882.0
2761.0,1625733635679,1882.0
2762.0,1625733636727,1882.0
2763.0,1625733637786,1882.0
2764.0,1625733638895,1882.0
2765.0,1625733639942,1882.0
2766.0,1625733641002,1882.0
2767.0,1625733642224,1882.0
2768.0,1625733644402,1883.0
2769.0,1625733645609,1883.0
2770.0,1625733647914,1884.0
2771.0,1625733650403,1885.0
2772.0,1625733651585,1885.0
2773.0,1625733653662,1886.0
2774.0,1625733654813,1886.0
2775.0,1625733657912,1887.0
2776.0,1625733661455,1888.0
2777.0,1625733662651,1888.0
2778.0,1625733665600,1889.0
2779.0,1625733668650,1890.0
2780.0,1625733671788,1891.0
2781.0,1625733673066,1891.0
2782.0,1625733675267,1892.0
2783.0,1625733676298,1892.0
2784.0,1625733677332,1892.0
2785.0,1625733678377,1892.0
2786.0,1625733679526,1892.0
2787.0,1625733682049,1893.0
2788.0,1625733683095,1893.0
2789.0,1625733689974,1894.0
2790.0,1625733691010,1894.0
2791.0,1625733693188,1895.0
2792.0,1625733694236,1895.0
2793.0,1625733696883,1896.0
2794.0,1625733698220,1896.0
2795.0,1625733701476,1897.0
2796.0,1625733703911,1898.0
2797.0,1625733705999,1899.0
2798.0,1625733707478,1899.0
2799.0,1625733709646,1900.0
2800.0,1625733712979,1901.0
2801.0,1625733719906,1903.0
2802.0,1625733722953,1904.0
2803.0,1625733726312,1905.0
2804.0,1625733727358,1905.0
2805.0,1625733729723,1906.0
2806.0,1625733732992,1907.0
2807.0,1625733735718,1908.0
2808.0,1625733738283,1909.0
2809.0,1625733742035,1910.0
2810.0,1625733746380,1911.0
2811.0,1625733749568,1912.0
2812.0,1625733752006,1913.0
2813.0,1625733754465,1914.0
2814.0,1625733755524,1914.0
2815.0,1625733756571,1914.0
2816.0,1625733757639,1914.0
2817.0,1625733758693,1914.0
2818.0,1625733761472,1915.0
2819.0,1625733764469,1916.0
2820.0,1625733767101,1917.0
2821.0,1625733770768,1918.0
2822.0,1625733774182,1919.0
2823.0,1625733776606,1920.0
2824.0,1625733784902,1921.0
2825.0,1625733787892,1922.0
2826.0,1625733789129,1922.0
2827.0,1625733790169,1922.0
2828.0,1625733791240,1922.0
2829.0,1625733792321,1922.0
2830.0,1625733794960,1923.0
2831.0,1625733798723,1924.0
2832.0,1625733800008,1924.0
2833.0,1625733801096,1924.0
2834.0,1625733802146,1924.0
2835.0,1625733803260,1924.0
2836.0,1625733805474,1925.0
2837.0,1625733806702,1925.0
2838.0,1625733808870,1926.0
2839.0,1625733812161,1927.0
2840.0,1625733814874,1928.0
2841.0,1625733819168,1929.0
2842.0,1625733821823,1930.0
2843.0,1625733826372,1931.0
2844.0,1625733828752,1932.0
2845.0,1625733831417,1933.0
2846.0,1625733832452,1933.0
2847.0,1625733835636,1934.0
2848.0,1625733839705,1935.0
2849.0,1625733842611,1936.0
2850.0,1625733845198,1937.0
2851.0,1625733846259,1937.0
2852.0,1625733849777,1938.0
2853.0,1625733852795,1939.0
2854.0,1625733854046,1939.0
2855.0,1625733856453,1940.0
2856.0,1625733859299,1941.0
2857.0,1625733860352,1941.0
2858.0,1625733861401,1941.0
2859.0,1625733862450,1941.0
2860.0,1625733863540,1941.0
2861.0,1625733865797,1942.0
2862.0,1625733868424,1943.0
2863.0,1625733871250,1944.0
2864.0,1625733878122,1946.0
2865.0,1625733881838,1947.0
2866.0,1625733884101,1948.0
2867.0,1625733887065,1949.0
2868.0,1625733889578,1950.0
2869.0,1625733890607,1950.0
2870.0,1625733891666,1950.0
2871.0,1625733892718,1950.0
2872.0,1625733893802,1950.0
2873.0,1625733896866,1951.0
2874.0,1625733899589,1952.0
2875.0,1625733903464,1953.0
2876.0,1625733905611,1954.0
2877.0,1625733909300,1955.0
2878.0,1625733912187,1956.0
2879.0,1625733914828,1957.0
2880.0,1625733917669,1958.0
2881.0,1625733920390,1959.0
2882.0,1625733921443,1959.0
2883.0,1625733924523,1960.0
2884.0,1625733925785,1960.0
2885.0,1625733926854,1960.0
2886.0,1625733927938,1960.0
2887.0,1625733929027,1960.0
2888.0,1625733931184,1961.0
2889.0,1625733934646,1962.0
2890.0,1625733937900,1963.0
2891.0,1625733939930,1964.0
2892.0,1625733942863,1965.0
2893.0,1625733945392,1966.0
2894.0,1625733948160,1967.0
2895.0,1625733949205,1967.0
2896.0,1625733951959,1968.0
2897.0,1625733954738,1969.0
2898.0,1625733958569,1970.0
2899.0,1625733961322,1971.0
2900.0,1625733962382,1971.0
2901.0,1625733963497,1971.0
2902.0,1625733964563,1971.0
2903.0,1625733965624,1971.0
2904.0,1625733967771,1972.0
2905.0,1625733968824,1972.0
2906.0,1625733969881,1972.0
2907.0,1625733971100,1972.0
2908.0,1625733972327,1972.0
2909.0,1625733974295,1973.0
2910.0,1625733978360,1974.0
2911.0,1625733981047,1975.0
2912.0,1625733984201,1976.0
2913.0,1625733987413,1977.0
2914.0,1625733991135,1978.0
2915.0,1625733994539,1979.0
2916.0,1625733995624,1979.0
2917.0,1625733999105,1980.0
2918.0,1625734001992,1981.0
2919.0,1625734004935,1982.0
2920.0,1625734007162,1983.0
2921.0,1625734010058,1984.0
2922.0,1625734013159,1985.0
2923.0,1625734015411,1986.0
2924.0,1625734016465,1986.0
2925.0,1625734017506,1986.0
2926.0,1625734018561,1986.0
2927.0,1625734019635,1986.0
2928.0,1625734021978,1987.0
2929.0,1625734025235,1988.0
2930.0,1625734028531,1989.0
2931.0,1625734031345,1990.0
2932.0,1625734033964,1991.0
2933.0,1625734034995,1991.0
2934.0,1625734038022,1992.0
2935.0,1625734042231,1993.0
2936.0,1625734046009,1994.0
2937.0,1625734047055,1994.0
2938.0,1625734048098,1994.0
2939.0,1625734049153,1994.0
2940.0,1625734050254,1994.0
2941.0,1625734053937,1995.0
2942.0,1625734057867,1996.0
2943.0,1625734059922,1997.0
2944.0,1625734063380,1998.0
2945.0,1625734064548,1998.0
2946.0,1625734066735,1999.0
2947.0,1625734067798,1999.0
2948.0,1625734068855,1999.0
2949.0,1625734071232,2000.0
2950.0,1625734072402,2000.0
2951.0,1625734074844,2001.0
2952.0,1625734077877,2002.0
2953.0,1625734080834,2003.0
2954.0,1625734083551,2004.0
2955.0,1625734084599,2004.0
2956.0,1625734085655,2004.0
2957.0,1625734086821,2004.0
2958.0,1625734087860,2004.0
